Workbook
Name Acs: Constants!$B$30
Name Adc: Loop_Modeling!$B$35
Name Adc_ea: Loop_Modeling!$B$61
Name ADC_VINmin: Variable_Management!$B$189
Name CCOMP: Variable_Management!$B$230
Name CComp_calc: Variable_Management!$B$229
Name CHF: Variable_Management!$B$232
Name Comp_calc: Variable_Management!$B$229
Name CondMode: OFFSET(Lists!$B$9,0,0,COUNTIF(Lists!$B$9:$B$11,"?CM*"),1)
Name Cout: Variable_Management!$B$155
Name Cout_min: Variable_Management!$B$153
Name D_limit_max: Constants!$B$18
Name D_limit_min: Constants!$B$16
Name D_limit_nom: Constants!$B$17
Name Dc_CCM_VIN_max: Variable_Management!$B$50
Name Dc_CCM_VIN_min: Variable_Management!$B$42
Name Dc_CCM_VIN_nom: Variable_Management!$B$46
Name Dc_DCM_VIN_nom: Variable_Management!$B$62
Name Dc_max_IC: Variable_Management!$B$21
Name Dc_max_ideal: Variable_Management!$A$20
Name Dc_Mode: Variable_Management!$B$36
Name Dc_Mode_Loop: Loop_Modeling!$B$14
Name Dc_rip_max: Variable_Management!$B$79
Name Dc_VIN_max: Variable_Management!$B$31
Name Dc_VIN_min: Variable_Management!$B$23
Name Dc_VIN_nom: Variable_Management!$B$27
Name display_SCH: INDIRECT(Plot_Management_Sch!$A$1)
Name EFF_est: Variable_Management!$B$17
Name Eff_vs_IOUT: Plot_Management_Eff!$C$3
Name fcross: Variable_Management!$B$213
Name fcross_est: Variable_Management!$B$212
Name FIR_BYPASSED: '[1]Digital Filter'!$T$84
Name fp_ea_est: Variable_Management!$B$223
Name Fsw: Variable_Management!$B$10
Name fz_ea_est: Variable_Management!$B$221
Name fz_rhp: Variable_Management!$B$198
Name Gcomp: Constants!$B$29
Name Gea_mid_calc: Variable_Management!$B$217
Name gfs: Variable_Management!$B$249
Name gm_ea: Constants!$B$34
Name Gplant_fc_dB: Loop_Modeling!$AD$7
Name IIN_33: Variable_Management!$B$81
Name IL_avg_VIN_max: Variable_Management!$B$33
Name IL_avg_VIN_min: Variable_Management!$B$25
Name IL_avg_VIN_nom: Variable_Management!$B$29
Name IL_pk: Variable_Management!$B$142
Name IL_pk_max: Variable_Management!$B$143
Name ILp_VINmax: Variable_Management!$B$119
Name ILp_VINmin: Variable_Management!$B$113
Name ILp_VINnom: Variable_Management!$B$116
Name ILrip: Variable_Management!$B$71
Name ILrip_VINmax: Variable_Management!$B$118
Name ILrip_VINmin: Variable_Management!$B$112
Name ILrip_VINnom: Variable_Management!$B$115
Name IOUT: Variable_Management!$B$14
Name Ipk_margin: Variable_Management!$B$122
Name Ipk_selected: Variable_Management!$B$123
Name IQ: Constants!$B$48
Name IRMS_COUT: Variable_Management!$B$154
Name Isl: Constants!$B$25

Sheet Design Converter
E1: LM5155/56 DC/DC BOOST Controller Design Tool
A3: ABOUT | F3: =Input Box | N3: TERMS OF USE
N5: Rev 1.1.1 | O5: August-2021
A6: Step 1: Design Specifications
G7: Minimum Input Supply Voltage , VSUPPLY(min) | H7: 8 | I7: V
G8: Typical Input Supply Voltage, VSUPPLY(typ) | H8: 24 | I8: V
G9: Maximum Input Supply Voltage , VSUPPLY(max) | H9: 24 | I9: V
G10: Target Output Voltage, VLOAD | H10: 30 | I10: V
G11: Maximum Output Current , ILOAD | H11: 2 | I11: A
G12: Free Running Switching Frequency, FSW | H12: 750 | I12: kHz
G13: Free running Oscillator Set Resistor, RT | H13: =RT/1000 -> 28.511667 | I13: kΩ
G14: Estimated Efficiency | H14: 90 | I14: %
G15: Output Power, POUT | H15: =POUT -> 60 | I15: W
G16: Boost Converter Duty Cycle Limit by LM5155 at VSUPPLY(MIN) | H16: =Dc_max_IC*100 -> 93 | I16: %
G17: Ideal Duty Cycle at VSUPPLY(MIN) | H17: =Variable_Management!B39*100 -> 73.333333 | I17: %
G18: Operation Mode | H18: CCM
A20: Step 2: Filter Inductor
G21: Desired Maximum Inductor Current Ripple Ratio (IRR_MAX) | H21: 60 | I21: %
G22: Recommended Inductance (LM_CALC) | H22: =IF(H18="CCM",Lopt_2*10^6,L_DCM*10^6) -> 4.9379 | I22: μH
G23: User Selection. Inductance, (LM) | H23: 6.8 | I23: μH
G24: Max Inductor DCR, RDCR | H24: 20 | I24: mΩ
G25: Peak inductor current, ILPK | H25: =ILp_VINmin -> 8.9084967 | I25: A
A27: Step 3: Current Sense Resistor Selection
G28: Peak Current Limit Margin | H28: 20 | I28: %
G29: Selected Peak Current limit(ILPK_select) | H29: =Ipk_selected -> 10.690196 | I29: A
G30: Recommended current sense Resistor (RS) | H30: =Variable_Management!B135*1000 -> 9.3543654 | I30: mΩ
G31: Recommended external slope compensation Resistor (RSL) | H31: =Variable_Management!B136 -> 0 | I31: Ω
G32: Selected current sense Resistor (RS) | H32: 10 | I32: mΩ
G33: Selected external slope compensation Resistor (RSL) | H33: 267 | I33: Ω
G34: Actual inductor peak current limit | H34: =IL_pk_max -> 9.8398 | I34: A
G35: Recommend Minimum Inductor Saturation Current Rating | H35: =Variable_Management!B145 -> 11.31577 | I35: A
A37: Step 4: Output Capacitor Selection
G38: Desired Output ripple voltage (ΔvOUT) | H38: 10 | I38: mV
G39: Minimum output capacitance | H39: =Cout_min*10^6 -> 195.55556 | I39: μF
G40: Capacitor RMS current (IRMS_COUT) | H40: =IRMS_COUT -> 3.3343099 | I40: A
G41: Selected Output Capacitance (COUT) | H41: 1000 | I41: μF
G42: Equivalent COUT ESR (RESR) | H42: 5 | I42: mΩ
A44: Step 5: Soft-Start Capacitor Selection
G45: Suggested minimum soft-start capacitor (CSS_MIN) | H45: =Variable_Management!B161*(10^9) -> 150 | I45: nF
G46: Desired soft-start time at minimum input voltage (TSS) | H46: 20 | I46: ms
G47: Calculated soft-start capacitor (CSS) | H47: =Variable_Management!B163*(10^9) -> 272.72727 | I47: nF
A49: Step 6: UVLO Resistor Divider Selection
G50: Desired voltage On (VUVLO_ON) | H50: 5.8 | I50: V
G51: Desired voltage OFF (VUVLO_OFF) | H51: 5.4 | I51: V | Q51: =VIN_min -> 8
G52: Calculated top UVLO resistor value (RUVT_CALC) | H52: =Ruvlo_top_calc/1000 -> 41.72 | I52: kΩ
G53: Selected top UVLO resistor value (RUVT) | H53: 21 | I53: kΩ
G54: Bottom UVLO Resistor (RUVB) | H54: =IF(Ruvlo_bottom_calc/1000=0,"NA",Ruvlo_bottom_calc/1000) -> 7.3255814 | I54: kΩ
A56: Step 7: Loop Compensation
G57: Voltage selected (VIN_VAR) | H57: =VIN_nom&"V" -> 24V
G59: Feedback Resistor Selection
G60: Select a top feedback resistor(RFBT) | H60: 71.5 | I60: kΩ
G61: Calculated bottom feedback resistor (RFBB_cala) | H61: =RFBB_calc/1000 -> 2.4655172 | I61: kΩ
G62: Select a bottom resistor based on calculated value(RFBB) | H62: 2.49 | I62: kΩ
G65: Suggested maximum bandwidth | H65: =fcross_est/1000 -> 4.9930963 | I65: kHz
G66: Selected bandwidth (FCO) | H66: 100 | I66: kHz
L67: =Loop_Modeling!A68 -> Crossover Frequency = 14.5 kHz
F68: Calculated | H68: Selected | L68: =Loop_Modeling!A69 -> Phase Margin = 60°
E69: RCOMP | F69: =Rcomp_calc/1000 -> 233.76718 | G69: kΩ | H69: 150 | I69: kΩ
E70: CCOMP | F70: =CComp_calc*(10^9) -> 0.46736605 | G70: nF | H70: 10 | I70: nF
E71: CHF | F71: =Variable_Management!B231*(10^12) -> 28.960567 | G71: pF | H71: 68 | I71: pF
A73: Efficiency / Power Loss Analyzer
A75: MOSFET parameters
G76: On-State Resistance, RDS(on) | H76: 4.6 | I76: mΩ
G77: Total Gate Charge, QG | H77: 39.4 | I77: nC
G78: Gate-Drain Charge, QGD | H78: 11.1 | I78: nC
G79: Gate-Source Charge, QGS | H79: 12.3 | I79: nC
G80: Gate Resistance, RG | H80: 1.5 | I80: Ω
G81: Transconductance, gFS | H81: 60 | I81: S
G82: Gate-Source Threshold Voltage, VTH | H82: 1.7 | I82: V
A84: Diode Parameters
G85: Recommended minimum average current rating (ID_AVG) | H85: =IOUT -> 2 | I85: A
G86: Forward Voltage Drop (VD) | H86: 580 | I86: mV
G87: Reverse recovery charge of Schottky Diode (QRR) | H87: 10 | I87: nC

Sheet Variable_Management
A1: EXCEL Variables Names/Calculations
B2: Input from user =
B3: Output = | F3: Base Calculations of | G3: Spec conditions | H3: Nominal right now
B4: Constant
A5: Variable Name | B5: Value | C5: STD Units | E5: Notes | J5: Iteration | K5: Flag
A6: Step 1: Operational Specs
A7: VIN_min | B7: ='Design Converter'!H7 -> 8 | C7: V | E7: Minimum input voltage
A8: VIN_nom | B8: ='Design Converter'!H8 -> 24 | C8: V | E8: Nominal input voltage | K8: =IF(VIN_min<VIN_min,1,IF(VIN_nom>VIN_max,1,0)) -> 0
A9: VIN_max | B9: ='Design Converter'!H9 -> 24 | C9: V | E9: Maximum input voltage
A10: Fsw | B10: ='Design Converter'!H12*1000 -> 750000 | C10: Hz | E10: Switching frequnecy
A11: RT | B11: =((2.21*10^10)/Fsw)-955 -> 28511.667 | C11: Ω | E11: Oscillator Set resistor. Based on the datasheet equation
A13: VOUT | B13: ='Design Converter'!H10 -> 30 | C13: V | E13: Target Output Voltage
A14: IOUT | B14: ='Design Converter'!H11 -> 2 | C14: A | E14: Maximum Output current
A15: ROUT | B15: =VOUT/IOUT -> 15 | C15: Ω | E15: Minimum load resistance
A16: POUT | B16: =VOUT*IOUT -> 60 | C16: W | E16: Total output power
A17: EFF_est | B17: ='Design Converter'!H14/100 -> 0.9 | E17: Estimated efficiency
A19: CCM/DCM selected
A20: Dc_max_ideal | B20: =IF(B$36="DCM",B55,B39) -> 0.73333333 | E20: Maximum duty cycle at the minimum input voltage
A21: Dc_max_IC | B21: =Constants!B20 -> 0.93 | E21: Maximum IC duty cycle. Based on the forced off time. See Mathcad Calculations | K21: =IF(((1-D_limit_nom)/Constants!B12)<Fsw,1,0) -> 0
A23: Dc_VIN_min | B23: =IF(B$36="DCM",B58,B42) -> 0.73333333 | E23: Duty cycle at the mimum input voltage
B24: =IF(B$36="DCM",B59,B43) -> 9.7777778e-07 | C24: s | E24: On-time of the switch
A25: IL_avg_VIN_min | B25: =IF(B$36="DCM",B60,B44) -> 7.5 | C25: A | E25: Average input current at minimum input voltage. 100% Eff assumed | K25: V in min | L25: V in nom | M25: V in max
J26: DC CCM < DCM | K26: =Dc_CCM_VIN_min<B58 -> TRUE | L26: =Dc_CCM_VIN_nom<Dc_DCM_VIN_nom -> TRUE | M26: =Dc_CCM_VIN_max<B66 -> TRUE
A27: Dc_VIN_nom | B27: =IF(B$36="DCM",B62,B46) -> 0.2 | E27: Duty cycle at the nominal input voltage | J27: CCM only | K27: =AND(K26:M26) -> TRUE
B28: =IF(B$36="DCM",B63,B47) -> 2.6666667e-07 | C28: s | E28: On-time of the switch | J28: DCM only | K28: =NOT(OR(K26:M26)) -> FALSE
A29: IL_avg_VIN_nom | B29: =IF(B$36="DCM",B64,B48) -> 2.5 | C29: A | E29: Average input current at nominal input voltage. 100% Eff assumed | J29: CCM/DCM | K29: =NOT(OR(K27:K28)) -> FALSE
J30: ModeCheck | K30: =IF(Dc_Mode="CCM",K27,IF(Dc_Mode="DCM",K28,K29)) -> TRUE | P30: min10% | Q30: min | R30: max | S30: max10%
A31: Dc_VIN_max | B31: =IF(B$36="DCM",B66,B50) -> 0.2 | E31: Duty cycle at the maximum input voltage | K31: L dcm/ccm | L31: =VIN_min/(Fsw*2*IOUT)*Dc_VIN_min*(1-Dc_VIN_min) -> 5.2148148e-07 | M31: =VIN_nom/(Fsw*2*IOUT)*Dc_VIN_nom*(1-Dc_VIN_nom) -> 1.28e-06 | N31: =VIN_max/(Fsw*2*IOUT)*Dc_VIN_max*(1-Dc_VIN_max) -> 1.28e-06 | P31: =Q31*0.9 -> 4.6933333e-07 | Q31: =MIN(L31:N31) -> 5.2148148e-07 | R31: =MAX(L31:N31) -> 1.28e-06 | S31: =R31*1.1 -> 1.408e-06
B32: =IF(B$36="DCM",B67,B51) -> 2.6666667e-07 | C32: s | E32: On-time of the switch
A33: IL_avg_VIN_max | B33: =IF(B$36="DCM",B68,B52) -> 2.5 | C33: A | E33: Average input current at maximum input voltage. 100% Eff assumed
N34: Valid Lm
A35: ConductionMode | B35: =IF(AND(K35<Lm,L35<Lm,M35<Lm),"CCM",IF(AND(K35>Lm,L35>Lm,M35>Lm),"DCM","CCM/DCM")) -> CCM | E35: Possible Mode due to Load and L Selection | K35: =VIN_min/(Fsw*2*IOUT)*Dc_CCM_VIN_min*(1-Dc_CCM_VIN_min) -> 5.2148148e-07 | L35: =IF(AND(B50<0.5,B42>0.5),VIN_min/(Fsw*2*IOUT)*0.5*(1-0.5),VIN_min/(Fsw*2*IOUT)*Dc_CCM_VIN_nom*(1-Dc_CCM_VIN_nom)) -> 6.6666667e-07 | M35: =VIN_min/(Fsw*2*IOUT)*Dc_CCM_VIN_max*(1-Dc_VIN_max) -> 4.2666667e-07 | N35: =IF(Dc_Mode="CCM",IF(Lm<MAX(K35,L35,M35),TRUE,IF(Lm>MIN(K35,L35,M35),TRUE,FALSE))) -> TRUE
A36: Sel_Cond_Mode | B36: ='Design Converter'!H18 -> CCM | E36: Selected Mode for Calculation | K36: =IF(OR(B35="CCM",B35="CCM/DCM"),"CCM","DCM") -> CCM | L36: =IF(B35="CCM/DCM","DCM","")
A38: CCM
A39: Dc_CCM_max_ideal | B39: =1-VIN_min/VOUT -> 0.73333333 | E39: Maximum duty cycle at the minimum input voltage
A42: Dc_CCM_VIN_min | B42: =1-VIN_min/VOUT -> 0.73333333 | E42: Duty cycle at the mimum input voltage (CCM)
B43: =B42/Fsw -> 9.7777778e-07 | C43: s | E43: On-time of the switch
A44: IL_avg_CCM_VIN_min | B44: =(VOUT*IOUT)/(VIN_min) -> 7.5 | C44: A | E44: Average input current at minimum input voltage. 100% Eff assumed
A46: Dc_CCM_VIN_nom | B46: =1-VIN_nom/VOUT -> 0.2 | E46: Duty cycle at the nominal input voltage (CCM)
B47: =B46/Fsw -> 2.6666667e-07 | C47: s | E47: On-time of the switch
A48: IL_avg_CCM_VIN_nom | B48: =(VOUT*IOUT)/(VIN_nom) -> 2.5 | C48: A | E48: Average input current at nominal input voltage. 100% Eff assumed
A50: Dc_CCM_VIN_max | B50: =1-VIN_max/VOUT -> 0.2 | E50: Duty cycle at the maximum input voltage (CCM)
B51: =B50/Fsw -> 2.6666667e-07 | C51: s | E51: On-time of the switch
A52: IL_avg_CCM_VIN_max | B52: =(VOUT*IOUT)/(VIN_max) -> 2.5 | C52: A | E52: Average input current at maximum input voltage. 100% Eff assumed
A54: DCM
A55: Dc_DCM_max_ideal | B55: =1/VIN_min*SQRT(2*Lm*(VOUT-VIN_min)*Fsw*IOUT) -> 2.6481125 | E55: Maximum duty cycle at the minimum input voltage
A58: Dc_DCM_VIN_min | B58: =1/VIN_min*SQRT(2*Lm*(VOUT-VIN_min)*Fsw*IOUT) -> 2.6481125 | E58: Duty cycle at the mimum input voltage (DCM)
B59: =B58/Fsw -> 3.5308167e-06 | C59: s | E59: On-time of the switch
A60: IL_avg_DCM_VIN_min | B60: =(VOUT*IOUT)/(VIN_min) -> 7.5 | C60: A | E60: Average input current at minimum input voltage. 100% Eff assumed
A62: Dc_DCM_VIN_nom | B62: =1/VIN_nom*SQRT(2*Lm*(VOUT-VIN_nom)*Fsw*IOUT) -> 0.46097722 | E62: Duty cycle at the nominal input voltage (DCM)
B63: =B62/Fsw -> 6.146363e-07 | C63: s | E63: On-time of the switch
A64: IL_avg_DCM_VIN_nom | B64: =(VOUT*IOUT)/(VIN_nom) -> 2.5 | C64: A | E64: Average input current at nominal input voltage. 100% Eff assumed
A66: Dc_DCM_VIN_max | B66: =1/VIN_max*SQRT(2*Lm*(VOUT-VIN_max)*Fsw*IOUT) -> 0.46097722 | E66: Duty cycle at the maximum input voltage (DCM)
B67: =B66/Fsw -> 6.146363e-07 | C67: s | E67: On-time of the switch
A68: IL_avg_VIN_max | B68: =(VOUT*IOUT)/(VIN_max) -> 2.5 | C68: A | E68: Average input current at maximum input voltage. 100% Eff assumed
A70: Step 2: Filter Inductor
A71: ILrip | B71: ='Design Converter'!H21/100 -> 0.6 | E71: Selected indutor ripple ratio. Will be changed later to a standard value just to keep things simple
A72: Strategy 1
A73: Lcalc_VIN_min | B73: =(VIN_min*Dc_VIN_min)/(IL_avg_VIN_min*ILrip*Fsw) -> 1.7382716e-06 | C73: H | E73: Inductor at Minimum input voltage
A74: Lcalc_VIN_nom | B74: =(VIN_nom*Dc_VIN_nom)/(IL_avg_VIN_nom*ILrip*Fsw) -> 4.2666667e-06 | C74: H | E74: Inductor at Nominal input voltage
A75: Lcalc_VIN_max | B75: =(VIN_max*Dc_VIN_max)/(IL_avg_VIN_max*ILrip*Fsw) -> 4.2666667e-06 | C75: H | E75: Inductor at Maximum input voltage
A76: Lopt | B76: =AVERAGE(B73:B75) -> 3.4238683e-06 | C76: H | E76: Optimal inductor. Based off the average
A78: Strategy 2
A79: Dc_rip_max | B79: 0.33 | C79: % | E79: Peak ripple ratio: Boost this happens at 33%
A80: VIN_33 | B80: =IF(Dc_VIN_max<Dc_rip_max,VOUT*(1-Dc_rip_max),VOUT*(1-Dc_VIN_max)) -> 20.1 | C80: V | E80: Input voltage at maximum ripple duty cycle. If maximum input voltage Dc is >.33 this value will be used
A81: IIN_33 | B81: =(VOUT*IOUT)/(VIN_33) -> 2.9850746 | C81: A | E81: Input current at maximum ripple duty cycle
A82: Lopt_2 | B82: =(VIN_33*0.33)/(IIN_33*ILrip*Fsw) -> 4.9379e-06 | C82: H | E82: This value used to make the selection
A84: Lm | B84: ='Design Converter'!H23*10^-6 -> 6.8e-06 | C84: H | E84: Selected filter inductor
A85: Rdcr | B85: ='Design Converter'!H24*10^-3 -> 0.02 | C85: Ω | E85: Filter inductor DCR
A86: Ltol | B86: 0.2 | E86: Assumed inductor tolerance. Constant to help simplify the user experience
A88: Strategy DCM
A89: L_DCM | B89: =VIN_min/(2*Fsw*IOUT)*(1-VIN_min/VOUT)*(1-(1-VIN_min/VOUT)) -> 5.2148148e-07
A91: CCM
A92: ILrip_VINmin | B92: =(VIN_min*Dc_VIN_min)/(Lm*Fsw) -> 1.1503268 | C92: A | E92: Inductor ripple current at VIN min.
A93: ILp_VINmin | B93: =(IL_avg_VIN_min/EFF_est)+(ILrip_VINmin/2) -> 8.9084967 | C93: A | E93: Peak inductor current at VIN min. Including estimated efficiency
A95: ILrip_VINnom | B95: =(VIN_nom*Dc_VIN_nom)/(Lm*Fsw) -> 0.94117647 | C95: A | E95: Inductor ripple current at VIN nom.
A96: ILp_VINnom | B96: =(IL_avg_VIN_nom/EFF_est)+(ILrip_VINnom/2) -> 3.248366 | C96: A | E96: Peak inductor current at VIN nom. Including estimated efficiency
A98: ILrip_VINmax | B98: =(VIN_max*Dc_VIN_max)/(Lm*Fsw) -> 0.94117647 | C98: A | E98: Inductor ripple current at VIN max.
A99: ILp_VINmax | B99: =(IL_avg_VIN_max/EFF_est)+(ILrip_VINmax/2) -> 3.248366 | C99: A | E99: Peak inductor current at VIN max. Including estimated efficiency
A101: DCM
A102: ILrip_VINmin | B102: =(VIN_min*Dc_VIN_min)/(Lm*Fsw) -> 1.1503268 | C102: A | E102: Inductor ripple current at VIN min.
A103: ILp_VINmin | B103: =B102 -> 1.1503268 | C103: A | E103: Peak inductor current at VIN min. Including estimated efficiency
A105: ILrip_VINnom | B105: =(VIN_nom*Dc_VIN_nom)/(Lm*Fsw) -> 0.94117647 | C105: A | E105: Inductor ripple current at VIN nom.
A106: ILp_VINnom | B106: =B105 -> 0.94117647 | C106: A | E106: Peak inductor current at VIN nom. Including estimated efficiency
A108: ILrip_VINmax | B108: =(VIN_max*Dc_VIN_max)/(Lm*Fsw) -> 0.94117647 | C108: A | E108: Inductor ripple current at VIN max.
A109: ILp_VINmax | B109: =B108 -> 0.94117647 | C109: A | E109: Peak inductor current at VIN max. Including estimated efficiency
A111: Selected | B111: .
A112: ILrip_VINmin | B112: =IF(B$36="CCM",B92,B102) -> 1.1503268 | C112: A | E112: Inductor ripple current at VIN min.
A113: ILp_VINmin | B113: =IF(B$36="CCM",B93,B103) -> 8.9084967 | C113: A | E113: Peak inductor current at VIN min. Including estimated efficiency
A115: ILrip_VINnom | B115: =IF(B$36="CCM",B95,B105) -> 0.94117647 | C115: A | E115: Inductor ripple current at VIN nom.
A116: ILp_VINnom | B116: =IF(B$36="CCM",B96,B106) -> 3.248366 | C116: A | E116: Peak inductor current at VIN nom. Including estimated efficiency
A118: ILrip_VINmax | B118: =IF(B$36="CCM",B98,B108) -> 0.94117647 | C118: A | E118: Inductor ripple current at VIN max.
A119: ILp_VINmax | B119: =IF(B$36="CCM",B99,B109) -> 3.248366 | C119: A | E119: Peak inductor current at VIN max. Including estimated efficiency
A121: Step 3: Current Sense Resistor
A122: Ipk_margin | B122: ='Design Converter'!H28/100 -> 0.2 | E122: Peak current limit margin. 20% is a typical value
A123: Ipk_selected | B123: =(1+Ipk_margin)*ILp_VINmin -> 10.690196 | C123: A | E123: Selected peak current limit based on margin selection
A125: Rcs_sl_ratio | B125: 0.6 | E125: ratio of down slope to slope compensation. This can be updated to give more margin | J125: =Fsw*Isl*Rsl_int*Lm -> 0.203949
J126: =Isl -> 3e-05 | K126: =Fsw -> 750000 | L126: =Lm -> 6.8e-06 | M126: =Rsl_int -> 1333
A127: Rcs_max | B127: =(1/B125)*((Fsw*Isl*Rsl_int*Lm)/(VOUT-VIN_min)) -> 0.015450682 | C127: Ω | E127: Maximum Rcs based on internal slope compensation. Assuming slope ratio of 1/2
A128: Rcs_wo_sl | B128: =Vcl/Ipk_selected -> 0.0093543654 | C128: Ω | E128: Current sense resistor without slope compensation
...

Sheet Eff_vs_IOUT
A1: EXCEL Variables Names/Calculations
R5: Operation Variables | V5: Duty Cycle | Y5: Inductor | AE5: MOSFET | AJ5: Diode | AO5: Other Losses | AR5: Total Losses
R6: VOUT | S6: IOUT | T6: VIN | U6: IIN | V6: DCM/CCM | W6: DC | X6: DC_off | Y6: dIL | Z6: ILPEAK | AA6: ILRMS | AB6: PLac (W) | AC6: PL_DCR (W) | AD6: PL_tot (W) | AE6: ISWAVG (A) | AF6: ISWRMS | AG6: PQ_COND (W) | AH6: PQ_SW (W) | AI6: PQ_tot (W) | AJ6: IDAVG (A) | AK6: IDRMS | AL6: PD_COND (W) | AM6: PD_SW (W) | AN6: PD_tot (W) | AO6: PRCS (W) | AP6: PG_drv (W) | AQ6: PIQ (W) | AR6: PTOTAL (W) | AS6: POUT (W) | AT6: Eff
Q7: 0 | R7: =VOUT -> 30 | S7: =Q7*$O$12 -> 0 | T7: =VIN_var -> 24 | U7: =(R7*S7)/(T7*EFF_est) -> 0 | V7: =IF((S7*R7/T7)<((T7*(1-(T7/R7)))/(2*Lm*Fsw)),1,2) -> 1 | W7: =CHOOSE(V7,SQRT((2*S7*Lm*Fsw*(R7-T7))/((T7)^2)),1-(T7/R7)) -> 0 | X7: =CHOOSE(V7,(Lm*W7*Fsw)/(R7-T7),1-W7) -> 0 | Y7: =(T7*W7)/(Lm*Fsw) -> 0 | Z7: =CHOOSE(V7,Y7,U7+(0.5*Y7)) -> 0 | AA7: =CHOOSE(V7,Z7*SQRT((W7+X7)/3),SQRT((U7^2)+((Y7^2)/12))) -> 0 | AB7: 0 | AC7: =(AA7^2)*Rdcr -> 0 | AD7: =AB7+AC7 -> 0 | AE7: =U7*W7 -> 0 | AF7: =CHOOSE(V7,Z7*SQRT(W7/3),SQRT(W7*((Z7^2)+((Y7^2)/3)-(Z7*Y7)))) -> 0 | AG7: =(AF7^2)*RDS_on -> 0 | AH7: =((R7*U7)/2)*Fsw*(tr_sw+tf_sw) -> 0 | AI7: =AG7+AH7 -> 0 | AJ7: =X7*U7 -> 0 | AK7: =CHOOSE(V7,Z7*SQRT(X7/3),SQRT(X7*((Z7^2)+((Y7^2)/3)-(Y7*Z7)))) -> 0 | AL7: =S7*Vd_rect -> 0 | AM7: =CHOOSE(V7,(R7+Vd_rect)*Qrr*Fsw,(R7+Vd_rect)*Qrr*Fsw) -> 0.22935 | AN7: =AL7+AM7 -> 0.22935 | AO7: =(AF7^2)*R_cs -> 0 | AP7: =Qg_tot*Vcc*Fsw -> 0.1994625 | AQ7: =IQ*T7 -> 0.0108 | AR7: =AO7+AN7+AI7+AD7+AP7+AQ7 -> 0.4396125 | AS7: =R7*S7 -> 0 | AT7: =(AS7/(AS7+AR7))*100 -> 0
M8: =Fsw -> 750000 | Q8: 1 | R8: =VOUT -> 30 | S8: =Q8*$O$12 -> 0.013333333 | T8: =VIN_var -> 24 | U8: =(R8*S8)/(T8*EFF_est) -> 0.018518519 | V8: =IF((S8*R8/T8)<((T8*(1-(T8/R8)))/(2*Lm*Fsw)),1,2) -> 1 | W8: =CHOOSE(V8,SQRT((2*S8*Lm*Fsw*(R8-T8))/((T8)^2)),1-(T8/R8)) -> 0.037638633 | X8: =CHOOSE(V8,(Lm*W8*Fsw)/(R8-T8),1-W8) -> 0.031992838 | Y8: =(T8*W8)/(Lm*Fsw) -> 0.17712298 | Z8: =CHOOSE(V8,Y8,U8+(0.5*Y8)) -> 0.17712298 | AA8: =CHOOSE(V8,Z8*SQRT((W8+X8)/3),SQRT((U8^2)+((Y8^2)/12))) -> 0.026984667 | AB8: 0 | AC8: =(AA8^2)*Rdcr -> 1.4563445e-05 | AD8: =AB8+AC8 -> 1.4563445e-05 | AE8: =U8*W8 -> 0.00069701172 | AF8: =CHOOSE(V8,Z8*SQRT(W8/3),SQRT(W8*((Z8^2)+((Y8^2)/3)-(Z8*Y8)))) -> 0.019839522 | AG8: =(AF8^2)*RDS_on -> 1.8105904e-06 | AH8: =((R8*U8)/2)*Fsw*(tr_sw+tf_sw) -> 0.0080966205 | AI8: =AG8+AH8 -> 0.0080984311 | AJ8: =X8*U8 -> 0.00059245996 | AK8: =CHOOSE(V8,Z8*SQRT(X8/3),SQRT(X8*((Z8^2)+((Y8^2)/3)-(Y8*Z8)))) -> 0.018291135 | AL8: =S8*Vd_rect -> 0.0077333333 | AM8: =CHOOSE(V8,(R8+Vd_rect)*Qrr*Fsw,(R8+Vd_rect)*Qrr*Fsw) -> 0.22935 | AN8: =AL8+AM8 -> 0.23708333 | AO8: =(AF8^2)*R_cs -> 3.9360662e-06 | AP8: =Qg_tot*Vcc*Fsw -> 0.1994625 | AQ8: =IQ*T8 -> 0.0108 | AR8: =AO8+AN8+AI8+AD8+AP8+AQ8 -> 0.45546276 | AS8: =R8*S8 -> 0.4 | AT8: =(AS8/(AS8+AR8))*100 -> 46.758318
N9: VIN_VAR | O9: =VIN_var -> 24 | P9: V | Q9: 2 | R9: =VOUT -> 30 | S9: =Q9*$O$12 -> 0.026666667 | T9: =VIN_var -> 24 | U9: =(R9*S9)/(T9*EFF_est) -> 0.037037037 | V9: =IF((S9*R9/T9)<((T9*(1-(T9/R9)))/(2*Lm*Fsw)),1,2) -> 1 | W9: =CHOOSE(V9,SQRT((2*S9*Lm*Fsw*(R9-T9))/((T9)^2)),1-(T9/R9)) -> 0.053229065 | X9: =CHOOSE(V9,(Lm*W9*Fsw)/(R9-T9),1-W9) -> 0.045244705 | Y9: =(T9*W9)/(Lm*Fsw) -> 0.25048972 | Z9: =CHOOSE(V9,Y9,U9+(0.5*Y9)) -> 0.25048972 | AA9: =CHOOSE(V9,Z9*SQRT((W9+X9)/3),SQRT((U9^2)+((Y9^2)/12))) -> 0.045382619 | AB9: 0 | AC9: =(AA9^2)*Rdcr -> 4.1191642e-05 | AD9: =AB9+AC9 -> 4.1191642e-05 | AE9: =U9*W9 -> 0.0019714468 | AF9: =CHOOSE(V9,Z9*SQRT(W9/3),SQRT(W9*((Z9^2)+((Y9^2)/3)-(Z9*Y9)))) -> 0.033365965 | AG9: =(AF9^2)*RDS_on -> 5.1211231e-06 | AH9: =((R9*U9)/2)*Fsw*(tr_sw+tf_sw) -> 0.016193241 | AI9: =AG9+AH9 -> 0.016198362 | AJ9: =X9*U9 -> 0.0016757298 | AK9: =CHOOSE(V9,Z9*SQRT(X9/3),SQRT(X9*((Z9^2)+((Y9^2)/3)-(Y9*Z9)))) -> 0.0307619 | AL9: =S9*Vd_rect -> 0.015466667 | AM9: =CHOOSE(V9,(R9+Vd_rect)*Qrr*Fsw,(R9+Vd_rect)*Qrr*Fsw) -> 0.22935 | AN9: =AL9+AM9 -> 0.24481667 | AO9: =(AF9^2)*R_cs -> 1.1132876e-05 | AP9: =Qg_tot*Vcc*Fsw -> 0.1994625 | AQ9: =IQ*T9 -> 0.0108 | AR9: =AO9+AN9+AI9+AD9+AP9+AQ9 -> 0.47132985 | AS9: =R9*S9 -> 0.8 | AT9: =(AS9/(AS9+AR9))*100 -> 62.926234
Q10: 3 | R10: =VOUT -> 30 | S10: =Q10*$O$12 -> 0.04 | T10: =VIN_var -> 24 | U10: =(R10*S10)/(T10*EFF_est) -> 0.055555556 | V10: =IF((S10*R10/T10)<((T10*(1-(T10/R10)))/(2*Lm*Fsw)),1,2) -> 1 | W10: =CHOOSE(V10,SQRT((2*S10*Lm*Fsw*(R10-T10))/((T10)^2)),1-(T10/R10)) -> 0.065192024 | X10: =CHOOSE(V10,(Lm*W10*Fsw)/(R10-T10),1-W10) -> 0.05541322 | Y10: =(T10*W10)/(Lm*Fsw) -> 0.306786 | Z10: =CHOOSE(V10,Y10,U10+(0.5*Y10)) -> 0.306786 | AA10: =CHOOSE(V10,Z10*SQRT((W10+X10)/3),SQRT((U10^2)+((Y10^2)/12))) -> 0.061511738 | AB10: 0 | AC10: =(AA10^2)*Rdcr -> 7.5673879e-05 | AD10: =AB10+AC10 -> 7.5673879e-05 | AE10: =U10*W10 -> 0.0036217791 | AF10: =CHOOSE(V10,Z10*SQRT(W10/3),SQRT(W10*((Z10^2)+((Y10^2)/3)-(Z10*Y10)))) -> 0.045224329 | AG10: =(AF10^2)*RDS_on -> 9.4081039e-06 | AH10: =((R10*U10)/2)*Fsw*(tr_sw+tf_sw) -> 0.024289862 | AI10: =AG10+AH10 -> 0.02429927 | AJ10: =X10*U10 -> 0.0030785122 | AK10: =CHOOSE(V10,Z10*SQRT(X10/3),SQRT(X10*((Z10^2)+((Y10^2)/3)-(Y10*Z10)))) -> 0.041694772 | AL10: =S10*Vd_rect -> 0.0232 | AM10: =CHOOSE(V10,(R10+Vd_rect)*Qrr*Fsw,(R10+Vd_rect)*Qrr*Fsw) -> 0.22935 | AN10: =AL10+AM10 -> 0.25255 | AO10: =(AF10^2)*R_cs -> 2.04524e-05 | AP10: =Qg_tot*Vcc*Fsw -> 0.1994625 | AQ10: =IQ*T10 -> 0.0108 | AR10: =AO10+AN10+AI10+AD10+AP10+AQ10 -> 0.4872079 | AS10: =R10*S10 -> 1.2 | AT10: =(AS10/(AS10+AR10))*100 -> 71.123422
N11: Steps | O11: 150 | Q11: 4 | R11: =VOUT -> 30 | S11: =Q11*$O$12 -> 0.053333333 | T11: =VIN_var -> 24 | U11: =(R11*S11)/(T11*EFF_est) -> 0.074074074 | V11: =IF((S11*R11/T11)<((T11*(1-(T11/R11)))/(2*Lm*Fsw)),1,2) -> 1 | W11: =CHOOSE(V11,SQRT((2*S11*Lm*Fsw*(R11-T11))/((T11)^2)),1-(T11/R11)) -> 0.075277265 | X11: =CHOOSE(V11,(Lm*W11*Fsw)/(R11-T11),1-W11) -> 0.063985675 | Y11: =(T11*W11)/(Lm*Fsw) -> 0.35424595 | Z11: =CHOOSE(V11,Y11,U11+(0.5*Y11)) -> 0.35424595 | AA11: =CHOOSE(V11,Z11*SQRT((W11+X11)/3),SQRT((U11^2)+((Y11^2)/12))) -> 0.076324163 | AB11: 0 | AC11: =(AA11^2)*Rdcr -> 0.00011650756 | AD11: =AB11+AC11 -> 0.00011650756 | AE11: =U11*W11 -> 0.0055760937 | AF11: =CHOOSE(V11,Z11*SQRT(W11/3),SQRT(W11*((Z11^2)+((Y11^2)/3)-(Z11*Y11)))) -> 0.056114641 | AG11: =(AF11^2)*RDS_on -> 1.4484723e-05 | AH11: =((R11*U11)/2)*Fsw*(tr_sw+tf_sw) -> 0.032386482 | AI11: =AG11+AH11 -> 0.032400967 | AJ11: =X11*U11 -> 0.0047396797 | AK11: =CHOOSE(V11,Z11*SQRT(X11/3),SQRT(X11*((Z11^2)+((Y11^2)/3)-(Y11*Z11)))) -> 0.051735143 | AL11: =S11*Vd_rect -> 0.030933333 | AM11: =CHOOSE(V11,(R11+Vd_rect)*Qrr*Fsw,(R11+Vd_rect)*Qrr*Fsw) -> 0.22935 | AN11: =AL11+AM11 -> 0.26028333 | AO11: =(AF11^2)*R_cs -> 3.1488529e-05 | AP11: =Qg_tot*Vcc*Fsw -> 0.1994625 | AQ11: =IQ*T11 -> 0.0108 | AR11: =AO11+AN11+AI11+AD11+AP11+AQ11 -> 0.5030948 | AS11: =R11*S11 -> 1.6 | AT11: =(AS11/(AS11+AR11))*100 -> 76.078359
N12: Step size | O12: =IOUT/(O11) -> 0.013333333 | Q12: 5 | R12: =VOUT -> 30 | S12: =Q12*$O$12 -> 0.066666667 | T12: =VIN_var -> 24 | U12: =(R12*S12)/(T12*EFF_est) -> 0.092592593 | V12: =IF((S12*R12/T12)<((T12*(1-(T12/R12)))/(2*Lm*Fsw)),1,2) -> 1 | W12: =CHOOSE(V12,SQRT((2*S12*Lm*Fsw*(R12-T12))/((T12)^2)),1-(T12/R12)) -> 0.084162541 | X12: =CHOOSE(V12,(Lm*W12*Fsw)/(R12-T12),1-W12) -> 0.07153816 | Y12: =(T12*W12)/(Lm*Fsw) -> 0.39605902 | Z12: =CHOOSE(V12,Y12,U12+(0.5*Y12)) -> 0.39605902 | AA12: =CHOOSE(V12,Z12*SQRT((W12+X12)/3),SQRT((U12^2)+((Y12^2)/12))) -> 0.090228671 | AB12: 0 | AC12: =(AA12^2)*Rdcr -> 0.00016282426 | AD12: =AB12+AC12 -> 0.00016282426 | AE12: =U12*W12 -> 0.0077928279 | AF12: =CHOOSE(V12,Z12*SQRT(W12/3),SQRT(W12*((Z12^2)+((Y12^2)/3)-(Z12*Y12)))) -> 0.066337438 | AG12: =(AF12^2)*RDS_on -> 2.0243016e-05 | AH12: =((R12*U12)/2)*Fsw*(tr_sw+tf_sw) -> 0.040483103 | AI12: =AG12+AH12 -> 0.040503346 | AJ12: =X12*U12 -> 0.0066239037 | AK12: =CHOOSE(V12,Z12*SQRT(X12/3),SQRT(X12*((Z12^2)+((Y12^2)/3)-(Y12*Z12)))) -> 0.061160096 | AL12: =S12*Vd_rect -> 0.038666667 | AM12: =CHOOSE(V12,(R12+Vd_rect)*Qrr*Fsw,(R12+Vd_rect)*Qrr*Fsw) -> 0.22935 | AN12: =AL12+AM12 -> 0.26801667 | AO12: =(AF12^2)*R_cs -> 4.4006557e-05 | AP12: =Qg_tot*Vcc*Fsw -> 0.1994625 | AQ12: =IQ*T12 -> 0.0108 | AR12: =AO12+AN12+AI12+AD12+AP12+AQ12 -> 0.51898934 | AS12: =R12*S12 -> 2 | AT12: =(AS12/(AS12+AR12))*100 -> 79.396922
Q13: 6 | R13: =VOUT -> 30 | S13: =Q13*$O$12 -> 0.08 | T13: =VIN_var -> 24 | U13: =(R13*S13)/(T13*EFF_est) -> 0.11111111 | V13: =IF((S13*R13/T13)<((T13*(1-(T13/R13)))/(2*Lm*Fsw)),1,2) -> 1 | W13: =CHOOSE(V13,SQRT((2*S13*Lm*Fsw*(R13-T13))/((T13)^2)),1-(T13/R13)) -> 0.092195445 | X13: =CHOOSE(V13,(Lm*W13*Fsw)/(R13-T13),1-W13) -> 0.078366128 | Y13: =(T13*W13)/(Lm*Fsw) -> 0.43386092 | Z13: =CHOOSE(V13,Y13,U13+(0.5*Y13)) -> 0.43386092 | AA13: =CHOOSE(V13,Z13*SQRT((W13+X13)/3),SQRT((U13^2)+((Y13^2)/12))) -> 0.10345 | AB13: 0 | AC13: =(AA13^2)*Rdcr -> 0.00021403805 | AD13: =AB13+AC13 -> 0.00021403805 | AE13: =U13*W13 -> 0.010243938 | AF13: =CHOOSE(V13,Z13*SQRT(W13/3),SQRT(W13*((Z13^2)+((Y13^2)/3)-(Z13*Y13)))) -> 0.076057953 | AG13: =(AF13^2)*RDS_on -> 2.6610136e-05 | AH13: =((R13*U13)/2)*Fsw*(tr_sw+tf_sw) -> 0.048579723 | AI13: =AG13+AH13 -> 0.048606333 | AJ13: =X13*U13 -> 0.0087073475 | AK13: =CHOOSE(V13,Z13*SQRT(X13/3),SQRT(X13*((Z13^2)+((Y13^2)/3)-(Y13*Z13)))) -> 0.070121968 | AL13: =S13*Vd_rect -> 0.0464 | AM13: =CHOOSE(V13,(R13+Vd_rect)*Qrr*Fsw,(R13+Vd_rect)*Qrr*Fsw) -> 0.22935 | AN13: =AL13+AM13 -> 0.27575 | AO13: =(AF13^2)*R_cs -> 5.7848122e-05 | AP13: =Qg_tot*Vcc*Fsw -> 0.1994625 | AQ13: =IQ*T13 -> 0.0108 | AR13: =AO13+AN13+AI13+AD13+AP13+AQ13 -> 0.53489072 | AS13: =R13*S13 -> 2.4 | AT13: =(AS13/(AS13+AR13))*100 -> 81.774765
Q14: 7 | R14: =VOUT -> 30 | S14: =Q14*$O$12 -> 0.093333333 | T14: =VIN_var -> 24 | U14: =(R14*S14)/(T14*EFF_est) -> 0.12962963 | V14: =IF((S14*R14/T14)<((T14*(1-(T14/R14)))/(2*Lm*Fsw)),1,2) -> 1 | W14: =CHOOSE(V14,SQRT((2*S14*Lm*Fsw*(R14-T14))/((T14)^2)),1-(T14/R14)) -> 0.099582462 | X14: =CHOOSE(V14,(Lm*W14*Fsw)/(R14-T14),1-W14) -> 0.084645092 | Y14: =(T14*W14)/(Lm*Fsw) -> 0.46862335 | Z14: =CHOOSE(V14,Y14,U14+(0.5*Y14)) -> 0.46862335 | AA14: =CHOOSE(V14,Z14*SQRT((W14+X14)/3),SQRT((U14^2)+((Y14^2)/12))) -> 0.11612897 | AB14: 0 | AC14: =(AA14^2)*Rdcr -> 0.00026971877 | AD14: =AB14+AC14 -> 0.00026971877 | AE14: =U14*W14 -> 0.012908838 | AF14: =CHOOSE(V14,Z14*SQRT(W14/3),SQRT(W14*((Z14^2)+((Y14^2)/3)-(Z14*Y14)))) -> 0.08537972 | AG14: =(AF14^2)*RDS_on -> 3.3532604e-05 | AH14: =((R14*U14)/2)*Fsw*(tr_sw+tf_sw) -> 0.056676344 | AI14: =AG14+AH14 -> 0.056709876 | AJ14: =X14*U14 -> 0.010972512 | AK14: =CHOOSE(V14,Z14*SQRT(X14/3),SQRT(X14*((Z14^2)+((Y14^2)/3)-(Y14*Z14)))) -> 0.078716212 | AL14: =S14*Vd_rect -> 0.054133333 | AM14: =CHOOSE(V14,(R14+Vd_rect)*Qrr*Fsw,(R14+Vd_rect)*Qrr*Fsw) -> 0.22935 | AN14: =AL14+AM14 -> 0.28348333 | AO14: =(AF14^2)*R_cs -> 7.2896965e-05 | AP14: =Qg_tot*Vcc*Fsw -> 0.1994625 | AQ14: =IQ*T14 -> 0.0108 | AR14: =AO14+AN14+AI14+AD14+AP14+AQ14 -> 0.55079833 | AS14: =R14*S14 -> 2.8 | AT14: =(AS14/(AS14+AR14))*100 -> 83.562176
O15: =0.205*2.5/(Lm*Fsw) -> 0.1004902 | Q15: 8 | R15: =VOUT -> 30 | S15: =Q15*$O$12 -> 0.10666667 | T15: =VIN_var -> 24 | U15: =(R15*S15)/(T15*EFF_est) -> 0.14814815 | V15: =IF((S15*R15/T15)<((T15*(1-(T15/R15)))/(2*Lm*Fsw)),1,2) -> 1 | W15: =CHOOSE(V15,SQRT((2*S15*Lm*Fsw*(R15-T15))/((T15)^2)),1-(T15/R15)) -> 0.10645813 | X15: =CHOOSE(V15,(Lm*W15*Fsw)/(R15-T15),1-W15) -> 0.09048941 | Y15: =(T15*W15)/(Lm*Fsw) -> 0.50097943 | Z15: =CHOOSE(V15,Y15,U15+(0.5*Y15)) -> 0.50097943 | AA15: =CHOOSE(V15,Z15*SQRT((W15+X15)/3),SQRT((U15^2)+((Y15^2)/12))) -> 0.12836143 | AB15: 0 | AC15: =(AA15^2)*Rdcr -> 0.00032953314 | AD15: =AB15+AC15 -> 0.00032953314 | AE15: =U15*W15 -> 0.015771575 | AF15: =CHOOSE(V15,Z15*SQRT(W15/3),SQRT(W15*((Z15^2)+((Y15^2)/3)-(Z15*Y15)))) -> 0.094373201 | AG15: =(AF15^2)*RDS_on -> 4.0968985e-05 | AH15: =((R15*U15)/2)*Fsw*(tr_sw+tf_sw) -> 0.064772964 | AI15: =AG15+AH15 -> 0.064813933 | AJ15: =X15*U15 -> 0.013405839 | AK15: =CHOOSE(V15,Z15*SQRT(X15/3),SQRT(X15*((Z15^2)+((Y15^2)/3)-(Y15*Z15)))) -> 0.087007792 | AL15: =S15*Vd_rect -> 0.061866667 | AM15: =CHOOSE(V15,(R15+Vd_rect)*Qrr*Fsw,(R15+Vd_rect)*Qrr*Fsw) -> 0.22935 | AN15: =AL15+AM15 -> 0.29121667 | AO15: =(AF15^2)*R_cs -> 8.906301e-05 | AP15: =Qg_tot*Vcc*Fsw -> 0.1994625 | AQ15: =IQ*T15 -> 0.0108 | AR15: =AO15+AN15+AI15+AD15+AP15+AQ15 -> 0.5667117 | AS15: =R15*S15 -> 3.2 | AT15: =(AS15/(AS15+AR15))*100 -> 84.954737
Q16: 9 | R16: =VOUT -> 30 | S16: =Q16*$O$12 -> 0.12 | T16: =VIN_var -> 24 | U16: =(R16*S16)/(T16*EFF_est) -> 0.16666667 | V16: =IF((S16*R16/T16)<((T16*(1-(T16/R16)))/(2*Lm*Fsw)),1,2) -> 1 | W16: =CHOOSE(V16,SQRT((2*S16*Lm*Fsw*(R16-T16))/((T16)^2)),1-(T16/R16)) -> 0.1129159 | X16: =CHOOSE(V16,(Lm*W16*Fsw)/(R16-T16),1-W16) -> 0.095978513 | Y16: =(T16*W16)/(Lm*Fsw) -> 0.53136893 | Z16: =CHOOSE(V16,Y16,U16+(0.5*Y16)) -> 0.53136893 | AA16: =CHOOSE(V16,Z16*SQRT((W16+X16)/3),SQRT((U16^2)+((Y16^2)/12))) -> 0.14021644 | AB16: 0 | AC16: =(AA16^2)*Rdcr -> 0.00039321301 | AD16: =AB16+AC16 -> 0.00039321301 | AE16: =U16*W16 -> 0.018819316 | AF16: =CHOOSE(V16,Z16*SQRT(W16/3),SQRT(W16*((Z16^2)+((Y16^2)/3)-(Z16*Y16)))) -> 0.10308918 | AG16: =(AF16^2)*RDS_on -> 4.8885942e-05 | AH16: =((R16*U16)/2)*Fsw*(tr_sw+tf_sw) -> 0.072869585 | AI16: =AG16+AH16 -> 0.072918471 | AJ16: =X16*U16 -> 0.015996419 | AK16: =CHOOSE(V16,Z16*SQRT(X16/3),SQRT(X16*((Z16^2)+((Y16^2)/3)-(Y16*Z16)))) -> 0.095043526 | AL16: =S16*Vd_rect -> 0.0696 | AM16: =CHOOSE(V16,(R16+Vd_rect)*Qrr*Fsw,(R16+Vd_rect)*Qrr*Fsw) -> 0.22935 | AN16: =AL16+AM16 -> 0.29895 | AO16: =(AF16^2)*R_cs -> 0.00010627379 | AP16: =Qg_tot*Vcc*Fsw -> 0.1994625 | AQ16: =IQ*T16 -> 0.0108 | AR16: =AO16+AN16+AI16+AD16+AP16+AQ16 -> 0.58263046 | AS16: =R16*S16 -> 3.6 | AT16: =(AS16/(AS16+AR16))*100 -> 86.070238
Q17: 10 | R17: =VOUT -> 30 | S17: =Q17*$O$12 -> 0.13333333 | T17: =VIN_var -> 24 | U17: =(R17*S17)/(T17*EFF_est) -> 0.18518519 | V17: =IF((S17*R17/T17)<((T17*(1-(T17/R17)))/(2*Lm*Fsw)),1,2) -> 1 | W17: =CHOOSE(V17,SQRT((2*S17*Lm*Fsw*(R17-T17))/((T17)^2)),1-(T17/R17)) -> 0.11902381 | X17: =CHOOSE(V17,(Lm*W17*Fsw)/(R17-T17),1-W17) -> 0.10117024 | Y17: =(T17*W17)/(Lm*Fsw) -> 0.56011203 | Z17: =CHOOSE(V17,Y17,U17+(0.5*Y17)) -> 0.56011203 | AA17: =CHOOSE(V17,Z17*SQRT((W17+X17)/3),SQRT((U17^2)+((Y17^2)/12))) -> 0.15174593 | AB17: 0 | AC17: =(AA17^2)*Rdcr -> 0.00046053656 | AD17: =AB17+AC17 -> 0.00046053656 | AE17: =U17*W17 -> 0.022041446 | AF17: =CHOOSE(V17,Z17*SQRT(W17/3),SQRT(W17*((Z17^2)+((Y17^2)/3)-(Z17*Y17)))) -> 0.11156583 | AG17: =(AF17^2)*RDS_on -> 5.7255897e-05 | AH17: =((R17*U17)/2)*Fsw*(tr_sw+tf_sw) -> 0.080966205 | AI17: =AG17+AH17 -> 0.081023461 | AJ17: =X17*U17 -> 0.018735229 | AK17: =CHOOSE(V17,Z17*SQRT(X17/3),SQRT(X17*((Z17^2)+((Y17^2)/3)-(Y17*Z17)))) -> 0.10285861 | AL17: =S17*Vd_rect -> 0.077333333 | AM17: =CHOOSE(V17,(R17+Vd_rect)*Qrr*Fsw,(R17+Vd_rect)*Qrr*Fsw) -> 0.22935 | AN17: =AL17+AM17 -> 0.30668333 | AO17: =(AF17^2)*R_cs -> 0.00012446934 | AP17: =Qg_tot*Vcc*Fsw -> 0.1994625 | AQ17: =IQ*T17 -> 0.0108 | AR17: =AO17+AN17+AI17+AD17+AP17+AQ17 -> 0.5985543 | AS17: =R17*S17 -> 4 | AT17: =(AS17/(AS17+AR17))*100 -> 86.983859
Q18: 11 | R18: =VOUT -> 30 | S18: =Q18*$O$12 -> 0.14666667 | T18: =VIN_var -> 24 | U18: =(R18*S18)/(T18*EFF_est) -> 0.2037037 | V18: =IF((S18*R18/T18)<((T18*(1-(T18/R18)))/(2*Lm*Fsw)),1,2) -> 1 | W18: =CHOOSE(V18,SQRT((2*S18*Lm*Fsw*(R18-T18))/((T18)^2)),1-(T18/R18)) -> 0.12483322 | X18: =CHOOSE(V18,(Lm*W18*Fsw)/(R18-T18),1-W18) -> 0.10610824 | Y18: =(T18*W18)/(Lm*Fsw) -> 0.58745046 | Z18: =CHOOSE(V18,Y18,U18+(0.5*Y18)) -> 0.58745046 | AA18: =CHOOSE(V18,Z18*SQRT((W18+X18)/3),SQRT((U18^2)+((Y18^2)/12))) -> 0.16299023 | AB18: 0 | AC18: =(AA18^2)*Rdcr -> 0.0005313163 | AD18: =AB18+AC18 -> 0.0005313163 | AE18: =U18*W18 -> 0.02542899 | AF18: =CHOOSE(V18,Z18*SQRT(W18/3),SQRT(W18*((Z18^2)+((Y18^2)/3)-(Z18*Y18)))) -> 0.1198328 | AG18: =(AF18^2)*RDS_on -> 6.605554e-05 | AH18: =((R18*U18)/2)*Fsw*(tr_sw+tf_sw) -> 0.089062826 | AI18: =AG18+AH18 -> 0.089128881 | AJ18: =X18*U18 -> 0.021614641 | AK18: =CHOOSE(V18,Z18*SQRT(X18/3),SQRT(X18*((Z18^2)+((Y18^2)/3)-(Y18*Z18)))) -> 0.11048038 | AL18: =S18*Vd_rect -> 0.085066667 | AM18: =CHOOSE(V18,(R18+Vd_rect)*Qrr*Fsw,(R18+Vd_rect)*Qrr*Fsw) -> 0.22935 | AN18: =AL18+AM18 -> 0.31441667 | AO18: =(AF18^2)*R_cs -> 0.000143599 | AP18: =Qg_tot*Vcc*Fsw -> 0.1994625 | AQ18: =IQ*T18 -> 0.0108 | AR18: =AO18+AN18+AI18+AD18+AP18+AQ18 -> 0.61448296 | AS18: =R18*S18 -> 4.4 | AT18: =(AS18/(AS18+AR18))*100 -> 87.745836
Q19: 12 | R19: =VOUT -> 30 | S19: =Q19*$O$12 -> 0.16 | T19: =VIN_var -> 24 | U19: =(R19*S19)/(T19*EFF_est) -> 0.22222222 | V19: =IF((S19*R19/T19)<((T19*(1-(T19/R19)))/(2*Lm*Fsw)),1,2) -> 1 | W19: =CHOOSE(V19,SQRT((2*S19*Lm*Fsw*(R19-T19))/((T19)^2)),1-(T19/R19)) -> 0.13038405 | X19: =CHOOSE(V19,(Lm*W19*Fsw)/(R19-T19),1-W19) -> 0.11082644 | Y19: =(T19*W19)/(Lm*Fsw) -> 0.61357199 | Z19: =CHOOSE(V19,Y19,U19+(0.5*Y19)) -> 0.61357199 | AA19: =CHOOSE(V19,Z19*SQRT((W19+X19)/3),SQRT((U19^2)+((Y19^2)/12))) -> 0.17398147 | AB19: 0 | AC19: =(AA19^2)*Rdcr -> 0.00060539103 | AD19: =AB19+AC19 -> 0.00060539103 | AE19: =U19*W19 -> 0.028974233 | AF19: =CHOOSE(V19,Z19*SQRT(W19/3),SQRT(W19*((Z19^2)+((Y19^2)/3)-(Z19*Y19)))) -> 0.12791372 | AG19: =(AF19^2)*RDS_on -> 7.5264831e-05 | AH19: =((R19*U19)/2)*Fsw*(tr_sw+tf_sw) -> 0.097159446 | AI19: =AG19+AH19 -> 0.097234711 | AJ19: =X19*U19 -> 0.024628098 | AK19: =CHOOSE(V19,Z19*SQRT(X19/3),SQRT(X19*((Z19^2)+((Y19^2)/3)-(Y19*Z19)))) -> 0.11793062 | AL19: =S19*Vd_rect -> 0.0928 | AM19: =CHOOSE(V19,(R19+Vd_rect)*Qrr*Fsw,(R19+Vd_rect)*Qrr*Fsw) -> 0.22935 | AN19: =AL19+AM19 -> 0.32215 | AO19: =(AF19^2)*R_cs -> 0.0001636192 | AP19: =Qg_tot*Vcc*Fsw -> 0.1994625 | AQ19: =IQ*T19 -> 0.0108 | AR19: =AO19+AN19+AI19+AD19+AP19+AQ19 -> 0.63041622 | AS19: =R19*S19 -> 4.8 | AT19: =(AS19/(AS19+AR19))*100 -> 88.391015
Q20: 13 | R20: =VOUT -> 30 | S20: =Q20*$O$12 -> 0.17333333 | T20: =VIN_var -> 24 | U20: =(R20*S20)/(T20*EFF_est) -> 0.24074074 | V20: =IF((S20*R20/T20)<((T20*(1-(T20/R20)))/(2*Lm*Fsw)),1,2) -> 1 | W20: =CHOOSE(V20,SQRT((2*S20*Lm*Fsw*(R20-T20))/((T20)^2)),1-(T20/R20)) -> 0.13570802 | X20: =CHOOSE(V20,(Lm*W20*Fsw)/(R20-T20),1-W20) -> 0.11535182 | Y20: =(T20*W20)/(Lm*Fsw) -> 0.63862598 | Z20: =CHOOSE(V20,Y20,U20+(0.5*Y20)) -> 0.63862598 | AA20: =CHOOSE(V20,Z20*SQRT((W20+X20)/3),SQRT((U20^2)+((Y20^2)/12))) -> 0.1847458 | AB20: 0 | AC20: =(AA20^2)*Rdcr -> 0.00068262021 | AD20: =AB20+AC20 -> 0.00068262021 | AE20: =U20*W20 -> 0.032670449 | AF20: =CHOOSE(V20,Z20*SQRT(W20/3),SQRT(W20*((Z20^2)+((Y20^2)/3)-(Z20*Y20)))) -> 0.13582781 | AG20: =(AF20^2)*RDS_on -> 8.4866296e-05 | AH20: =((R20*U20)/2)*Fsw*(tr_sw+tf_sw) -> 0.10525607 | AI20: =AG20+AH20 -> 0.10534093 | AJ20: =X20*U20 -> 0.027769882 | AK20: =CHOOSE(V20,Z20*SQRT(X20/3),SQRT(X20*((Z20^2)+((Y20^2)/3)-(Y20*Z20)))) -> 0.12522706 | AL20: =S20*Vd_rect -> 0.10053333 | AM20: =CHOOSE(V20,(R20+Vd_rect)*Qrr*Fsw,(R20+Vd_rect)*Qrr*Fsw) -> 0.22935 | AN20: =AL20+AM20 -> 0.32988333 | AO20: =(AF20^2)*R_cs -> 0.00018449195 | AP20: =Qg_tot*Vcc*Fsw -> 0.1994625 | AQ20: =IQ*T20 -> 0.0108 | AR20: =AO20+AN20+AI20+AD20+AP20+AQ20 -> 0.64635388 | AS20: =R20*S20 -> 5.2 | AT20: =(AS20/(AS20+AR20))*100 -> 88.944325
Q21: 14 | R21: =VOUT -> 30 | S21: =Q21*$O$12 -> 0.18666667 | T21: =VIN_var -> 24 | U21: =(R21*S21)/(T21*EFF_est) -> 0.25925926 | V21: =IF((S21*R21/T21)<((T21*(1-(T21/R21)))/(2*Lm*Fsw)),1,2) -> 1 | W21: =CHOOSE(V21,SQRT((2*S21*Lm*Fsw*(R21-T21))/((T21)^2)),1-(T21/R21)) -> 0.14083087 | X21: =CHOOSE(V21,(Lm*W21*Fsw)/(R21-T21),1-W21) -> 0.11970624 | Y21: =(T21*W21)/(Lm*Fsw) -> 0.6627335 | Z21: =CHOOSE(V21,Y21,U21+(0.5*Y21)) -> 0.6627335 | AA21: =CHOOSE(V21,Z21*SQRT((W21+X21)/3),SQRT((U21^2)+((Y21^2)/12))) -> 0.19530488 | AB21: 0 | AC21: =(AA21^2)*Rdcr -> 0.00076287989 | AD21: =AB21+AC21 -> 0.00076287989 | AE21: =U21*W21 -> 0.036511706 | AF21: =CHOOSE(V21,Z21*SQRT(W21/3),SQRT(W21*((Z21^2)+((Y21^2)/3)-(Z21*Y21)))) -> 0.143591 | AG21: =(AF21^2)*RDS_on -> 9.4844527e-05 | AH21: =((R21*U21)/2)*Fsw*(tr_sw+tf_sw) -> 0.11335269 | AI21: =AG21+AH21 -> 0.11344753 | AJ21: =X21*U21 -> 0.031034951 | AK21: =CHOOSE(V21,Z21*SQRT(X21/3),SQRT(X21*((Z21^2)+((Y21^2)/3)-(Y21*Z21)))) -> 0.13238436 | AL21: =S21*Vd_rect -> 0.10826667 | AM21: =CHOOSE(V21,(R21+Vd_rect)*Qrr*Fsw,(R21+Vd_rect)*Qrr*Fsw) -> 0.22935 | AN21: =AL21+AM21 -> 0.33761667 | AO21: =(AF21^2)*R_cs -> 0.00020618375 | AP21: =Qg_tot*Vcc*Fsw -> 0.1994625 | AQ21: =IQ*T21 -> 0.0108 | AR21: =AO21+AN21+AI21+AD21+AP21+AQ21 -> 0.66229576 | AS21: =R21*S21 -> 5.6 | AT21: =(AS21/(AS21+AR21))*100 -> 89.424074
Q22: 15 | R22: =VOUT -> 30 | S22: =Q22*$O$12 -> 0.2 | T22: =VIN_var -> 24 | U22: =(R22*S22)/(T22*EFF_est) -> 0.27777778 | V22: =IF((S22*R22/T22)<((T22*(1-(T22/R22)))/(2*Lm*Fsw)),1,2) -> 1 | W22: =CHOOSE(V22,SQRT((2*S22*Lm*Fsw*(R22-T22))/((T22)^2)),1-(T22/R22)) -> 0.1457738 | X22: =CHOOSE(V22,(Lm*W22*Fsw)/(R22-T22),1-W22) -> 0.12390773 | Y22: =(T22*W22)/(Lm*Fsw) -> 0.68599434 | Z22: =CHOOSE(V22,Y22,U22+(0.5*Y22)) -> 0.68599434 | AA22: =CHOOSE(V22,Z22*SQRT((W22+X22)/3),SQRT((U22^2)+((Y22^2)/12))) -> 0.20567689 | AB22: 0 | AC22: =(AA22^2)*Rdcr -> 0.00084605969 | AD22: =AB22+AC22 -> 0.00084605969 | AE22: =U22*W22 -> 0.040492721 | AF22: =CHOOSE(V22,Z22*SQRT(W22/3),SQRT(W22*((Z22^2)+((Y22^2)/3)-(Z22*Y22)))) -> 0.15121666 | AG22: =(AF22^2)*RDS_on -> 0.0001051858 | AH22: =((R22*U22)/2)*Fsw*(tr_sw+tf_sw) -> 0.12144931 | AI22: =AG22+AH22 -> 0.12155449 | AJ22: =X22*U22 -> 0.034418813 | AK22: =CHOOSE(V22,Z22*SQRT(X22/3),SQRT(X22*((Z22^2)+((Y22^2)/3)-(Y22*Z22)))) -> 0.13941487 | AL22: =S22*Vd_rect -> 0.116 | AM22: =CHOOSE(V22,(R22+Vd_rect)*Qrr*Fsw,(R22+Vd_rect)*Qrr*Fsw) -> 0.22935 | AN22: =AL22+AM22 -> 0.34535 | AO22: =(AF22^2)*R_cs -> 0.00022866478 | AP22: =Qg_tot*Vcc*Fsw -> 0.1994625 | AQ22: =IQ*T22 -> 0.0108 | AR22: =AO22+AN22+AI22+AD22+AP22+AQ22 -> 0.67824172 | AS22: =R22*S22 -> 6 | AT22: =(AS22/(AS22+AR22))*100 -> 89.844008
Q23: 16 | R23: =VOUT -> 30 | S23: =Q23*$O$12 -> 0.21333333 | T23: =VIN_var -> 24 | U23: =(R23*S23)/(T23*EFF_est) -> 0.2962963 | V23: =IF((S23*R23/T23)<((T23*(1-(T23/R23)))/(2*Lm*Fsw)),1,2) -> 1 | W23: =CHOOSE(V23,SQRT((2*S23*Lm*Fsw*(R23-T23))/((T23)^2)),1-(T23/R23)) -> 0.15055453 | X23: =CHOOSE(V23,(Lm*W23*Fsw)/(R23-T23),1-W23) -> 0.12797135 | Y23: =(T23*W23)/(Lm*Fsw) -> 0.70849191 | Z23: =CHOOSE(V23,Y23,U23+(0.5*Y23)) -> 0.70849191 | AA23: =CHOOSE(V23,Z23*SQRT((W23+X23)/3),SQRT((U23^2)+((Y23^2)/12))) -> 0.21587733 | AB23: 0 | AC23: =(AA23^2)*Rdcr -> 0.00093206047 | AD23: =AB23+AC23 -> 0.00093206047 | AE23: =U23*W23 -> 0.04460875 | AF23: =CHOOSE(V23,Z23*SQRT(W23/3),SQRT(W23*((Z23^2)+((Y23^2)/3)-(Z23*Y23)))) -> 0.15871617 | AG23: =(AF23^2)*RDS_on -> 0.00011587779 | AH23: =((R23*U23)/2)*Fsw*(tr_sw+tf_sw) -> 0.12954593 | AI23: =AG23+AH23 -> 0.12966181 | AJ23: =X23*U23 -> 0.037917437 | AK23: =CHOOSE(V23,Z23*SQRT(X23/3),SQRT(X23*((Z23^2)+((Y23^2)/3)-(Y23*Z23)))) -> 0.14632908 | AL23: =S23*Vd_rect -> 0.12373333 | AM23: =CHOOSE(V23,(R23+Vd_rect)*Qrr*Fsw,(R23+Vd_rect)*Qrr*Fsw) -> 0.22935 | AN23: =AL23+AM23 -> 0.35308333 | AO23: =(AF23^2)*R_cs -> 0.00025190823 | AP23: =Qg_tot*Vcc*Fsw -> 0.1994625 | AQ23: =IQ*T23 -> 0.0108 | AR23: =AO23+AN23+AI23+AD23+AP23+AQ23 -> 0.69419161 | AS23: =R23*S23 -> 6.4 | AT23: =(AS23/(AS23+AR23))*100 -> 90.214648
Q24: 17 | R24: =VOUT -> 30 | S24: =Q24*$O$12 -> 0.22666667 | T24: =VIN_var -> 24 | U24: =(R24*S24)/(T24*EFF_est) -> 0.31481481 | V24: =IF((S24*R24/T24)<((T24*(1-(T24/R24)))/(2*Lm*Fsw)),1,2) -> 1 | W24: =CHOOSE(V24,SQRT((2*S24*Lm*Fsw*(R24-T24))/((T24)^2)),1-(T24/R24)) -> 0.15518806 | X24: =CHOOSE(V24,(Lm*W24*Fsw)/(R24-T24),1-W24) -> 0.13190985 | Y24: =(T24*W24)/(Lm*Fsw) -> 0.73029674 | Z24: =CHOOSE(V24,Y24,U24+(0.5*Y24)) -> 0.73029674 | AA24: =CHOOSE(V24,Z24*SQRT((W24+X24)/3),SQRT((U24^2)+((Y24^2)/12))) -> 0.22591952 | AB24: 0 | AC24: =(AA24^2)*Rdcr -> 0.0010207926 | AD24: =AB24+AC24 -> 0.0010207926 | AE24: =U24*W24 -> 0.0488555 | AF24: =CHOOSE(V24,Z24*SQRT(W24/3),SQRT(W24*((Z24^2)+((Y24^2)/3)-(Z24*Y24)))) -> 0.16609933 | AG24: =(AF24^2)*RDS_on -> 0.00012690935 | AH24: =((R24*U24)/2)*Fsw*(tr_sw+tf_sw) -> 0.13764255 | AI24: =AG24+AH24 -> 0.13776946 | AJ24: =X24*U24 -> 0.041527175 | AK24: =CHOOSE(V24,Z24*SQRT(X24/3),SQRT(X24*((Z24^2)+((Y24^2)/3)-(Y24*Z24)))) -> 0.15313602 | AL24: =S24*Vd_rect -> 0.13146667 | AM24: =CHOOSE(V24,(R24+Vd_rect)*Qrr*Fsw,(R24+Vd_rect)*Qrr*Fsw) -> 0.22935 | AN24: =AL24+AM24 -> 0.36081667 | AO24: =(AF24^2)*R_cs -> 0.00027588988 | AP24: =Qg_tot*Vcc*Fsw -> 0.1994625 | AQ24: =IQ*T24 -> 0.0108 | AR24: =AO24+AN24+AI24+AD24+AP24+AQ24 -> 0.71014531 | AS24: =R24*S24 -> 6.8 | AT24: =(AS24/(AS24+AR24))*100 -> 90.544187
Q25: 18 | R25: =VOUT -> 30 | S25: =Q25*$O$12 -> 0.24 | T25: =VIN_var -> 24 | U25: =(R25*S25)/(T25*EFF_est) -> 0.33333333 | V25: =IF((S25*R25/T25)<((T25*(1-(T25/R25)))/(2*Lm*Fsw)),1,2) -> 1 | W25: =CHOOSE(V25,SQRT((2*S25*Lm*Fsw*(R25-T25))/((T25)^2)),1-(T25/R25)) -> 0.15968719 | X25: =CHOOSE(V25,(Lm*W25*Fsw)/(R25-T25),1-W25) -> 0.13573412 | Y25: =(T25*W25)/(Lm*Fsw) -> 0.75146915 | Z25: =CHOOSE(V25,Y25,U25+(0.5*Y25)) -> 0.75146915 | AA25: =CHOOSE(V25,Z25*SQRT((W25+X25)/3),SQRT((U25^2)+((Y25^2)/12))) -> 0.23581501 | AB25: 0 | AC25: =(AA25^2)*Rdcr -> 0.0011121743 | AD25: =AB25+AC25 -> 0.0011121743 | AE25: =U25*W25 -> 0.053229065 | AF25: =CHOOSE(V25,Z25*SQRT(W25/3),SQRT(W25*((Z25^2)+((Y25^2)/3)-(Z25*Y25)))) -> 0.17337464 | AG25: =(AF25^2)*RDS_on -> 0.00013827032 | AH25: =((R25*U25)/2)*Fsw*(tr_sw+tf_sw) -> 0.14573917 | AI25: =AG25+AH25 -> 0.14587744 | AJ25: =X25*U25 -> 0.045244705 | AK25: =CHOOSE(V25,Z25*SQRT(X25/3),SQRT(X25*((Z25^2)+((Y25^2)/3)-(Y25*Z25)))) -> 0.15984352 | AL25: =S25*Vd_rect -> 0.1392 | AM25: =CHOOSE(V25,(R25+Vd_rect)*Qrr*Fsw,(R25+Vd_rect)*Qrr*Fsw) -> 0.22935 | AN25: =AL25+AM25 -> 0.36855 | AO25: =(AF25^2)*R_cs -> 0.00030058766 | AP25: =Qg_tot*Vcc*Fsw -> 0.1994625 | AQ25: =IQ*T25 -> 0.0108 | AR25: =AO25+AN25+AI25+AD25+AP25+AQ25 -> 0.7261027 | AS25: =R25*S25 -> 7.2 | AT25: =(AS25/(AS25+AR25))*100 -> 90.839095
Q26: 19 | R26: =VOUT -> 30 | S26: =Q26*$O$12 -> 0.25333333 | T26: =VIN_var -> 24 | U26: =(R26*S26)/(T26*EFF_est) -> 0.35185185 | V26: =IF((S26*R26/T26)<((T26*(1-(T26/R26)))/(2*Lm*Fsw)),1,2) -> 1 | W26: =CHOOSE(V26,SQRT((2*S26*Lm*Fsw*(R26-T26))/((T26)^2)),1-(T26/R26)) -> 0.164063 | X26: =CHOOSE(V26,(Lm*W26*Fsw)/(R26-T26),1-W26) -> 0.13945355 | Y26: =(T26*W26)/(Lm*Fsw) -> 0.77206116 | Z26: =CHOOSE(V26,Y26,U26+(0.5*Y26)) -> 0.77206116 | AA26: =CHOOSE(V26,Z26*SQRT((W26+X26)/3),SQRT((U26^2)+((Y26^2)/12))) -> 0.24557393 | AB26: 0 | AC26: =(AA26^2)*Rdcr -> 0.0012061311 | AD26: =AB26+AC26 -> 0.0012061311 | AE26: =U26*W26 -> 0.057725869 | AF26: =CHOOSE(V26,Z26*SQRT(W26/3),SQRT(W26*((Z26^2)+((Y26^2)/3)-(Z26*Y26)))) -> 0.18054954 | AG26: =(AF26^2)*RDS_on -> 0.00014995143 | AH26: =((R26*U26)/2)*Fsw*(tr_sw+tf_sw) -> 0.15383579 | AI26: =AG26+AH26 -> 0.15398574 | AJ26: =X26*U26 -> 0.049066989 | AK26: =CHOOSE(V26,Z26*SQRT(X26/3),SQRT(X26*((Z26^2)+((Y26^2)/3)-(Y26*Z26)))) -> 0.16645845 | AL26: =S26*Vd_rect -> 0.14693333 | AM26: =CHOOSE(V26,(R26+Vd_rect)*Qrr*Fsw,(R26+Vd_rect)*Qrr*Fsw) -> 0.22935 | AN26: =AL26+AM26 -> 0.37628333 | AO26: =(AF26^2)*R_cs -> 0.00032598138 | AP26: =Qg_tot*Vcc*Fsw -> 0.1994625 | AQ26: =IQ*T26 -> 0.0108 | AR26: =AO26+AN26+AI26+AD26+AP26+AQ26 -> 0.74206369 | AS26: =R26*S26 -> 7.6 | AT26: =(AS26/(AS26+AR26))*100 -> 91.104555
Q27: 20 | R27: =VOUT -> 30 | S27: =Q27*$O$12 -> 0.26666667 | T27: =VIN_var -> 24 | U27: =(R27*S27)/(T27*EFF_est) -> 0.37037037 | V27: =IF((S27*R27/T27)<((T27*(1-(T27/R27)))/(2*Lm*Fsw)),1,2) -> 1 | W27: =CHOOSE(V27,SQRT((2*S27*Lm*Fsw*(R27-T27))/((T27)^2)),1-(T27/R27)) -> 0.16832508 | X27: =CHOOSE(V27,(Lm*W27*Fsw)/(R27-T27),1-W27) -> 0.14307632 | Y27: =(T27*W27)/(Lm*Fsw) -> 0.79211803 | Z27: =CHOOSE(V27,Y27,U27+(0.5*Y27)) -> 0.79211803 | AA27: =CHOOSE(V27,Z27*SQRT((W27+X27)/3),SQRT((U27^2)+((Y27^2)/12))) -> 0.25520522 | AB27: 0 | AC27: =(AA27^2)*Rdcr -> 0.0013025941 | AD27: =AB27+AC27 -> 0.0013025941 | AE27: =U27*W27 -> 0.062342623 | AF27: =CHOOSE(V27,Z27*SQRT(W27/3),SQRT(W27*((Z27^2)+((Y27^2)/3)-(Z27*Y27)))) -> 0.18763061 | AG27: =(AF27^2)*RDS_on -> 0.00016194413 | AH27: =((R27*U27)/2)*Fsw*(tr_sw+tf_sw) -> 0.16193241 | AI27: =AG27+AH27 -> 0.16209435 | AJ27: =X27*U27 -> 0.05299123 | AK27: =CHOOSE(V27,Z27*SQRT(X27/3),SQRT(X27*((Z27^2)+((Y27^2)/3)-(Y27*Z27)))) -> 0.17298688 | AL27: =S27*Vd_rect -> 0.15466667 | AM27: =CHOOSE(V27,(R27+Vd_rect)*Qrr*Fsw,(R27+Vd_rect)*Qrr*Fsw) -> 0.22935 | AN27: =AL27+AM27 -> 0.38401667 | AO27: =(AF27^2)*R_cs -> 0.00035205246 | AP27: =Qg_tot*Vcc*Fsw -> 0.1994625 | AQ27: =IQ*T27 -> 0.0108 | AR27: =AO27+AN27+AI27+AD27+AP27+AQ27 -> 0.75802817 | AS27: =R27*S27 -> 8 | AT27: =(AS27/(AS27+AR27))*100 -> 91.344762
... Q157: 150 | R157: =VOUT -> 30 | S157: =Q157*$O$12 -> 2 | T157: =VIN_var -> 24 | U157: =(R157*S157)/(T157*EFF_est) -> 2.7777778 | V157: =IF((S157*R157/T157)<((T157*(1-(T157/R157)))/(2*Lm*Fsw)),1,2) -> 2 | W157: =CHOOSE(V157,SQRT((2*S157*Lm*Fsw*(R157-T157))/((T157)^2)),1-(T157/R157)) -> 0.2 | X157: =CHOOSE(V157,(Lm*W157*Fsw)/(R157-T157),1-W157) -> 0.8 | Y157: =(T157*W157)/(Lm*Fsw) -> 0.94117647 | Z157: =CHOOSE(V157,Y157,U157+(0.5*Y157)) -> 3.248366 | AA157: =CHOOSE(V157,Z157*SQRT((W157+X157)/3),SQRT((U157^2)+((Y157^2)/12))) -> 2.7910333 | AB157: 0 | AC157: =(AA157^2)*Rdcr -> 0.15579734 | AD157: =AB157+AC157 -> 0.15579734 | AE157: =U157*W157 -> 0.55555556 | AF157: =CHOOSE(V157,Z157*SQRT(W157/3),SQRT(W157*((Z157^2)+((Y157^2)/3)-(Z157*Y157)))) -> 1.2481881 | AG157: =(AF157^2)*RDS_on -> 0.0071666778 | AH157: =((R157*U157)/2)*Fsw*(tr_sw+tf_sw) -> 1.2144931 | AI157: =AG157+AH157 -> 1.2216598 | AJ157: =X157*U157 -> 2.2222222 | AK157: =CHOOSE(V157,Z157*SQRT(X157/3),SQRT(X157*((Z157^2)+((Y157^2)/3)-(Y157*Z157)))) -> 2.4963761 | AL157: =S157*Vd_rect -> 1.16 | AM157: =CHOOSE(V157,(R157+Vd_rect)*Qrr*Fsw,(R157+Vd_rect)*Qrr*Fsw) -> 0.22935 | AN157: =AL157+AM157 -> 1.38935 | AO157: =(AF157^2)*R_cs -> 0.015579734 | AP157: =Qg_tot*Vcc*Fsw -> 0.1994625 | AQ157: =IQ*T157 -> 0.0108 | AR157: =AO157+AN157+AI157+AD157+AP157+AQ157 -> 2.9926493 | AS157: =R157*S157 -> 60 | AT157: =(AS157/(AS157+AR157))*100 -> 95.249209

Sheet Loop_Modeling
A1: EXCEL Variables Names/Calculations | N1: Calculations
B2: Input from user =
B3: Output =
B4: Constant | P4: Plant Transfer Function | AF4: Error Amplifier | AS4: Open Loop Response
Q5: wp_lf | T5: wz_esr | W5: wz_rhp | Z5: Sampling | AC5: Total | AG5: wp0_ea | AJ5: wp1_ea | AM5: wz_ea | AP5: Total | AS5: Total
A6: Variable Name | B6: Value | C6: STD Units | E6: Notes | P6: ADC | Q6: Complex | R6: Gain | S6: Phase | T6: Complex | U6: Gain | V6: Phase | W6: Complex | X6: Gain | Y6: Phase | Z6: Complex | AA6: Gain | AB6: Phase | AC6: COMPLEX | AD6: Gain | AE6: Phase | AF6: ADC_ea | AG6: Complex | AH6: Gain | AI6: Phase | AJ6: Complex | AK6: Gain | AL6: Phase | AM6: Complex | AN6: Gain | AO6: Phase | AP6: COMPLEX | AQ6: Gain | AR6: Phase | AS6: COMPLEX | AT6: Gain | AU6: Phase
N7: Frcoss (VIN)min | O7: =fcross -> 100000 | P7: =COMPLEX(ADC_VINmin,0) -> 29 | Q7: =IMSUM(COMPLEX(1,0),IMDIV(COMPLEX(0,2*PI()*O7),COMPLEX(wp_lf_VINmin,0))) -> 1+4712.3889803847i | R7: =IMABS(Q7) -> 4712.3891 | S7: =IMARGUMENT(Q7) -> 1.5705841 | T7: =IMSUM(COMPLEX(1,0),IMDIV(COMPLEX(0,2*PI()*O7),COMPLEX(wz_esr_VINmin,0))) -> 1+3.1415926535898i | U7: =IMABS(T7) -> 3.2969083 | V7: =IMARGUMENT(T7) -> 1.2626273 | W7: =IMSUB(COMPLEX(1,0),IMDIV(COMPLEX(0,2*PI()*O7),COMPLEX(wz_RHP_VINmin,0))) -> 1-4.00553063332699i | X7: =IMABS(W7) -> 4.1284713 | Y7: =IMARGUMENT(W7) -> -1.3261426 | Z7: =IF(Dc_Mode_Loop="CCM",IMSUM(COMPLEX(1,0),IMDIV(COMPLEX(0,2*PI()*O7),COMPLEX(Q*(wsl/2),0)),IMDIV(IMPOWER(COMPLEX(0,2*PI()*O7),2),IMPOWER(COMPLEX(wsl/2,0),2))),COMPLEX(1,0)) -> 0.928888888888889+0.934937973708323i | AA7: =IMABS(Z7) -> 1.3179316 | AB7: =IMARGUMENT(Z7) -> 0.78864367 | AC7: =(IMDIV(IMPRODUCT(P7,T7,W7),IMPRODUCT(Q7,Z7))) -> -0.0478303414502712-0.0418531995149128i | AD7: =20*LOG(IMABS(AC7)) -> -23.936797 | AE7: =(180/PI())*IMARGUMENT(AC7) -> -138.81295 | AF7: =COMPLEX(Adc_ea,0) -> -0.0000673063927557778 | AG7: =COMPLEX(0,2*PI()*O7*wp0_ea) -> 0.00632591096726841i | AH7: =IMABS(AG7) -> 0.006325911 | AI7: =IMARGUMENT(AG7) -> 1.5707963 | AJ7: =IMSUM(COMPLEX(1,0),IMDIV(COMPLEX(0,2*PI()*O7),COMPLEX(wp1_ea,0))) -> 1+6.3655631836742i | AK7: =IMABS(AJ7) -> 6.4436321 | AL7: =IMARGUMENT(AJ7) -> 1.4149745 | AM7: =IMSUM(COMPLEX(1,0),IMDIV(COMPLEX(0,2*PI()*O7),COMPLEX(wz_ea,0))) -> 1+942.477796076938i | AN7: =IMABS(AM7) -> 942.47833 | AO7: =IMARGUMENT(AM7) -> 1.5697353 | AP7: =IMPRODUCT(AF7,IMDIV(AM7,IMPRODUCT(AG7,AJ7))) -> -0.239883119554354+1.53763094872624i | AQ7: =20*LOG(IMABS(AP7)) -> 3.8414775 | AR7: =(180/PI())*IMARGUMENT(AP7) -> 98.867138 | AS7: =IMPRODUCT(AC7,AP7) -> 0.075828466393785-0.0635055372391125i | AT7: =20*LOG(IMABS(AS7)) -> -20.09532 | AU7: =(180/PI())*IMARGUMENT(AS7) -> -39.945817
N8: Fcross | O8: =fcross -> 100000 | P8: =COMPLEX(Adc,0) -> 87 | Q8: =IMSUM(COMPLEX(1,0),IMDIV(COMPLEX(0,2*PI()*O8),COMPLEX(wp_lf,0))) -> 1+4712.3889803847i | R8: =IMABS(Q8) -> 4712.3891 | S8: =IMARGUMENT(Q8) -> 1.5705841 | T8: =IMSUM(COMPLEX(1,0),IMDIV(COMPLEX(0,2*PI()*O8),COMPLEX(wz_esr,0))) -> 1+3.1415926535898i | U8: =IMABS(T8) -> 3.2969083 | V8: =IMARGUMENT(T8) -> 1.2626273 | W8: =IMSUB(COMPLEX(1,0),IMDIV(COMPLEX(0,2*PI()*O8),COMPLEX(wz_rhp,0))) -> 1-0.445058959258555i | X8: =IMABS(W8) -> 1.0945673 | Y8: =IMARGUMENT(W8) -> -0.41873736 | Z8: =IF(Dc_Mode_Loop="CCM",IMSUM(COMPLEX(1,0),IMDIV(COMPLEX(0,2*PI()*O8),COMPLEX(Q*(wsl/2),0)),IMDIV(IMPOWER(COMPLEX(0,2*PI()*O8),2),IMPOWER(COMPLEX(wsl/2,0),2))),COMPLEX(1,0)) -> 0.928888888888889+0.934937973708323i | AA8: =IMABS(Z8) -> 1.3179316 | AB8: =IMARGUMENT(Z8) -> 0.78864367 | AC8: =(IMDIV(IMPRODUCT(P8,T8,W8),IMPRODUCT(Q8,Z8))) -> 0.00280207324053262-0.050473842382442i | AD8: =20*LOG(IMABS(AC8)) -> -25.925308 | AE8: =(180/PI())*IMARGUMENT(AC8) -> -86.822466 | AF8: =COMPLEX(Adc_ea,0) -> -0.0000673063927557778 | AG8: =COMPLEX(0,2*PI()*O8*wp0_ea) -> 0.00632591096726841i | AH8: =IMABS(AG8) -> 0.006325911 | AI8: =IMARGUMENT(AG8) -> 1.5707963 | AJ8: =IMSUM(COMPLEX(1,0),IMDIV(COMPLEX(0,2*PI()*O8),COMPLEX(wp1_ea,0))) -> 1+6.3655631836742i | AK8: =IMABS(AJ8) -> 6.4436321 | AL8: =IMARGUMENT(AJ8) -> 1.4149745 | AM8: =IMSUM(COMPLEX(1,0),IMDIV(COMPLEX(0,2*PI()*O8),COMPLEX(wz_ea,0))) -> 1+942.477796076938i | AN8: =IMABS(AM8) -> 942.47833 | AO8: =IMARGUMENT(AM8) -> 1.5697353 | AP8: =IMPRODUCT(AF8,IMDIV(AM8,IMPRODUCT(AG8,AJ8))) -> -0.239883119554354+1.53763094872624i | AQ8: =20*LOG(IMABS(AP8)) -> 3.8414775 | AR8: =(180/PI())*IMARGUMENT(AP8) -> 98.867138 | AS8: =IMPRODUCT(AC8,AP8) -> 0.0769379720782143+0.0164163773018355i | AT8: =20*LOG(IMABS(AS8)) -> -22.083831 | AU8: =(180/PI())*IMARGUMENT(AS8) -> 12.044672
A9: Input Parameters | N9: wz_RHP | O9: =wz_rhp/(2*PI()) -> 224689.33 | P9: =COMPLEX(Adc,0) -> 87 | Q9: =IMSUM(COMPLEX(1,0),IMDIV(COMPLEX(0,2*PI()*O9),COMPLEX(wp_lf,0))) -> 1+10588.2352941177i | R9: =IMABS(Q9) -> 10588.235 | S9: =IMARGUMENT(Q9) -> 1.5707019 | T9: =IMSUM(COMPLEX(1,0),IMDIV(COMPLEX(0,2*PI()*O9),COMPLEX(wz_esr,0))) -> 1+7.05882352941175i | U9: =IMABS(T9) -> 7.129305 | V9: =IMARGUMENT(T9) -> 1.4300661 | W9: =IMSUB(COMPLEX(1,0),IMDIV(COMPLEX(0,2*PI()*O9),COMPLEX(wz_rhp,0))) -> 1-i | X9: =IMABS(W9) -> 1.4142136 | Y9: =IMARGUMENT(W9) -> -0.78539816 | Z9: =IF(Dc_Mode_Loop="CCM",IMSUM(COMPLEX(1,0),IMDIV(COMPLEX(0,2*PI()*O9),COMPLEX(Q*(wsl/2),0)),IMDIV(IMPOWER(COMPLEX(0,2*PI()*O9),2),IMPOWER(COMPLEX(wsl/2,0),2))),COMPLEX(1,0)) -> 0.640993453115038+2.10070588235294i | AA9: =IMABS(Z9) -> 2.1963237 | AB9: =IMARGUMENT(Z9) -> 1.2746376 | AC9: =(IMDIV(IMPRODUCT(P9,T9,W9),IMPRODUCT(Q9,Z9))) -> -0.0222182146293106-0.0304808575730229i | AD9: =20*LOG(IMABS(AC9)) -> -28.46877 | AE9: =(180/PI())*IMARGUMENT(AC9) -> -126.08919 | AF9: =COMPLEX(Adc_ea,0) -> -0.0000673063927557778 | AG9: =COMPLEX(0,2*PI()*O9*wp0_ea) -> 0.0142136470588235i | AH9: =IMABS(AG9) -> 0.014213647 | AI9: =IMARGUMENT(AG9) -> 1.5707963 | AJ9: =IMSUM(COMPLEX(1,0),IMDIV(COMPLEX(0,2*PI()*O9),COMPLEX(wp1_ea,0))) -> 1+14.3027413587604i | AK9: =IMABS(AJ9) -> 14.337657 | AL9: =IMARGUMENT(AJ9) -> 1.5009933 | AM9: =IMSUM(COMPLEX(1,0),IMDIV(COMPLEX(0,2*PI()*O9),COMPLEX(wz_ea,0))) -> 1+2117.64705882352i | AN9: =IMABS(AM9) -> 2117.6473 | AO9: =IMARGUMENT(AM9) -> 1.5703241 | AP9: =IMPRODUCT(AF9,IMDIV(AM9,IMPRODUCT(AG9,AJ9))) -> -0.0484512273770859+0.69772070955857i | AQ9: =20*LOG(IMABS(AP9)) -> -3.1054755 | AR9: =(180/PI())*IMARGUMENT(AP9) -> 93.972365 | AS9: =IMPRODUCT(AC9,AP9) -> 0.0223436253427209-0.0140252735153681i | AT9: =20*LOG(IMABS(AS9)) -> -31.574245 | AU9: =(180/PI())*IMARGUMENT(AS9) -> -32.116823
A10: VIN_min | B10: =VIN_min -> 8 | C10: V | E10: Minimum input voltage | N10: wz_esr | O10: =wz_esr/(2*PI()) -> 31830.989 | P10: =COMPLEX(Adc,0) -> 87 | Q10: =IMSUM(COMPLEX(1,0),IMDIV(COMPLEX(0,2*PI()*O10),COMPLEX(wp_lf,0))) -> 1+1500i | R10: =IMABS(Q10) -> 1500.0003 | S10: =IMARGUMENT(Q10) -> 1.5701297 | T10: =IMSUM(COMPLEX(1,0),IMDIV(COMPLEX(0,2*PI()*O10),COMPLEX(wz_esr,0))) -> 1+i | U10: =IMABS(T10) -> 1.4142136 | V10: =IMARGUMENT(T10) -> 0.78539816 | W10: =IMSUB(COMPLEX(1,0),IMDIV(COMPLEX(0,2*PI()*O10),COMPLEX(wz_rhp,0))) -> 1-0.141666666666667i | X10: =IMABS(W10) -> 1.0099849 | Y10: =IMARGUMENT(W10) -> -0.14073019 | Z10: =IF(Dc_Mode_Loop="CCM",IMSUM(COMPLEX(1,0),IMDIV(COMPLEX(0,2*PI()*O10),COMPLEX(Q*(wsl/2),0)),IMDIV(IMPOWER(COMPLEX(0,2*PI()*O10),2),IMPOWER(COMPLEX(wsl/2,0),2))),COMPLEX(1,0)) -> 0.9927949380521+0.2976i | AA10: =IMABS(Z10) -> 1.0364398 | AB10: =IMARGUMENT(Z10) -> 0.2912364 | AC10: =(IMDIV(IMPRODUCT(P10,T10,W10),IMPRODUCT(Q10,Z10))) -> 0.0277155485660217-0.0749717718768766i | AD10: =20*LOG(IMABS(AC10)) -> -21.945727 | AE10: =(180/PI())*IMARGUMENT(AC10) -> -69.711666 | AF10: =COMPLEX(Adc_ea,0) -> -0.0000673063927557778 | AG10: =COMPLEX(0,2*PI()*O10*wp0_ea) -> 0.0020136i | AH10: =IMABS(AG10) -> 0.0020136 | AI10: =IMARGUMENT(AG10) -> 1.5707963 | AJ10: =IMSUM(COMPLEX(1,0),IMDIV(COMPLEX(0,2*PI()*O10),COMPLEX(wp1_ea,0))) -> 1+2.02622169249106i | AK10: =IMABS(AJ10) -> 2.2595518 | AL10: =IMARGUMENT(AJ10) -> 1.1123386 | AM10: =IMSUM(COMPLEX(1,0),IMDIV(COMPLEX(0,2*PI()*O10),COMPLEX(wz_ea,0))) -> 1+300i | AN10: =IMABS(AM10) -> 300.00167 | AO10: =IMARGUMENT(AM10) -> 1.567463 | AP10: =IMPRODUCT(AF10,IMDIV(AM10,IMPRODUCT(AG10,AJ10))) -> -1.9508171099829+3.98621384658622i | AQ10: =20*LOG(IMABS(AP10)) -> 12.94369 | AR10: =(180/PI())*IMARGUMENT(AP10) -> 116.07671 | AS10: =IMPRODUCT(AC10,AP10) -> 0.244785548803552+0.256736318802754i | AT10: =20*LOG(IMABS(AS10)) -> -9.0020372 | AU10: =(180/PI())*IMARGUMENT(AS10) -> 46.365043
A11: VIN_nom | B11: =VIN_nom -> 24 | C11: V | E11: Nominal input voltage | N11: wp_lf | O11: =wp_lf/(2*PI()) -> 21.220659 | P11: =COMPLEX(Adc,0) -> 87 | Q11: =IMSUM(COMPLEX(1,0),IMDIV(COMPLEX(0,2*PI()*O11),COMPLEX(wp_lf,0))) -> 1+i | R11: =IMABS(Q11) -> 1.4142136 | S11: =IMARGUMENT(Q11) -> 0.78539816 | T11: =IMSUM(COMPLEX(1,0),IMDIV(COMPLEX(0,2*PI()*O11),COMPLEX(wz_esr,0))) -> 1+0.000666666666666665i | U11: =IMABS(T11) -> 1.0000002 | V11: =IMARGUMENT(T11) -> 0.00066666657 | W11: =IMSUB(COMPLEX(1,0),IMDIV(COMPLEX(0,2*PI()*O11),COMPLEX(wz_rhp,0))) -> 1-0.0000944444444444444i | X11: =IMABS(W11) -> 1 | Y11: =IMARGUMENT(W11) -> -9.4444444e-05 | Z11: =IF(Dc_Mode_Loop="CCM",IMSUM(COMPLEX(1,0),IMDIV(COMPLEX(0,2*PI()*O11),COMPLEX(Q*(wsl/2),0)),IMDIV(IMPOWER(COMPLEX(0,2*PI()*O11),2),IMPOWER(COMPLEX(wsl/2,0),2))),COMPLEX(1,0)) -> 0.99999999679775+0.0001984i | AA11: =IMABS(Z11) -> 1 | AB11: =IMARGUMENT(Z11) -> 0.0001984 | AC11: =(IMDIV(IMPRODUCT(P11,T11,W11),IMPRODUCT(Q11,Z11))) -> 43.5162673699295-43.4837448389142i | AD11: =20*LOG(IMABS(AC11)) -> 35.780087 | AE11: =(180/PI())*IMARGUMENT(AC11) -> -44.978582 | AF11: =COMPLEX(Adc_ea,0) -> -0.0000673063927557778 | AG11: =COMPLEX(0,2*PI()*O11*wp0_ea) -> 0.0000013424i | AH11: =IMABS(AG11) -> 1.3424e-06 | AI11: =IMARGUMENT(AG11) -> 1.5707963 | AJ11: =IMSUM(COMPLEX(1,0),IMDIV(COMPLEX(0,2*PI()*O11),COMPLEX(wp1_ea,0))) -> 1+0.0013508144616607i | AK11: =IMABS(AJ11) -> 1.0000009 | AL11: =IMARGUMENT(AJ11) -> 0.0013508136 | AM11: =IMSUM(COMPLEX(1,0),IMDIV(COMPLEX(0,2*PI()*O11),COMPLEX(wz_ea,0))) -> 1+0.199999999999999i | AN11: =IMABS(AM11) -> 1.0198039 | AO11: =IMARGUMENT(AM11) -> 0.19739556 | AP11: =IMPRODUCT(AF11,IMDIV(AM11,IMPRODUCT(AG11,AJ11))) -> -9.96002361860185+50.1523045281631i | AQ11: =20*LOG(IMABS(AP11)) -> 34.173813 | AR11: =(180/PI())*IMARGUMENT(AP11) -> 101.23254 | AS11: =IMPRODUCT(AC11,AP11) -> 1747.38696238827+2615.54021868651i | AT11: =20*LOG(IMABS(AS11)) -> 69.9539 | AU11: =(180/PI())*IMARGUMENT(AS11) -> 56.253955 | AX11: XOVER SEARCH
A12: VIN_max | B12: =VIN_max -> 24 | C12: V | E12: Maximum input voltage | N12: wz_ea | O12: =wz_ea/(2*PI()) -> 106.1033 | P12: =COMPLEX(Adc,0) -> 87 | Q12: =IMSUM(COMPLEX(1,0),IMDIV(COMPLEX(0,2*PI()*O12),COMPLEX(wp_lf,0))) -> 1+5.00000000000002i | R12: =IMABS(Q12) -> 5.0990195 | S12: =IMARGUMENT(Q12) -> 1.3734008 | T12: =IMSUM(COMPLEX(1,0),IMDIV(COMPLEX(0,2*PI()*O12),COMPLEX(wz_esr,0))) -> 1+0.00333333333333333i | U12: =IMABS(T12) -> 1.0000056 | V12: =IMARGUMENT(T12) -> 0.003333321 | W12: =IMSUB(COMPLEX(1,0),IMDIV(COMPLEX(0,2*PI()*O12),COMPLEX(wz_rhp,0))) -> 1-0.000472222222222223i | X12: =IMABS(W12) -> 1.0000001 | Y12: =IMARGUMENT(W12) -> -0.00047222219 | Z12: =IF(Dc_Mode_Loop="CCM",IMSUM(COMPLEX(1,0),IMDIV(COMPLEX(0,2*PI()*O12),COMPLEX(Q*(wsl/2),0)),IMDIV(IMPOWER(COMPLEX(0,2*PI()*O12),2),IMPOWER(COMPLEX(wsl/2,0),2))),COMPLEX(1,0)) -> 0.999999919943756+0.000992000000000001i | AA12: =IMABS(Z12) -> 1.0000004 | AB12: =IMARGUMENT(Z12) -> 0.00099199975 | AC12: =(IMDIV(IMPRODUCT(P12,T12,W12),IMPRODUCT(Q12,Z12))) -> 3.3774371963603-16.7245736048959i | AD12: =20*LOG(IMABS(AC12)) -> 24.640697 | AE12: =(180/PI())*IMARGUMENT(AC12) -> -78.582976 | AF12: =COMPLEX(Adc_ea,0) -> -0.0000673063927557778 | AG12: =COMPLEX(0,2*PI()*O12*wp0_ea) -> 0.000006712i | AH12: =IMABS(AG12) -> 6.712e-06 | AI12: =IMARGUMENT(AG12) -> 1.5707963 | AJ12: =IMSUM(COMPLEX(1,0),IMDIV(COMPLEX(0,2*PI()*O12),COMPLEX(wp1_ea,0))) -> 1+0.00675407230830354i | AK12: =IMABS(AJ12) -> 1.0000228 | AL12: =IMARGUMENT(AJ12) -> 0.0067539696 | AM12: =IMSUM(COMPLEX(1,0),IMDIV(COMPLEX(0,2*PI()*O12),COMPLEX(wz_ea,0))) -> 1+i | AN12: =IMABS(AM12) -> 1.4142136 | AO12: =IMARGUMENT(AM12) -> 0.78539816 | AP12: =IMPRODUCT(AF12,IMDIV(AM12,IMPRODUCT(AG12,AJ12))) -> -9.95958746124532+10.0950378507182i | AQ12: =20*LOG(IMABS(AP12)) -> 23.034189 | AR12: =(180/PI())*IMARGUMENT(AP12) -> 134.61303 | AS12: =IMPRODUCT(AC12,AP12) -> 135.197322426533+200.665209905676i | AT12: =20*LOG(IMABS(AS12)) -> 47.674886 | AU12: =(180/PI())*IMARGUMENT(AS12) -> 56.03005 | AX12: xover | AY12: =SUM(AX19:AX559)/1000 -> 14.454398
A13: Fsw | B13: =Fsw -> 750000 | C13: Hz | E13: Switching frequnecy | N13: wp1_ea | O13: =wp1_ea/(2*PI()) -> 15709.529 | P13: =COMPLEX(Adc,0) -> 87 | Q13: =IMSUM(COMPLEX(1,0),IMDIV(COMPLEX(0,2*PI()*O13),COMPLEX(wp_lf,0))) -> 1+740.294117647061i | R13: =IMABS(Q13) -> 740.29479 | S13: =IMARGUMENT(Q13) -> 1.5694455 | T13: =IMSUM(COMPLEX(1,0),IMDIV(COMPLEX(0,2*PI()*O13),COMPLEX(wz_esr,0))) -> 1+0.493529411764706i | U13: =IMABS(T13) -> 1.1151553 | V13: =IMARGUMENT(T13) -> 0.45845775 | W13: =IMSUB(COMPLEX(1,0),IMDIV(COMPLEX(0,2*PI()*O13),COMPLEX(wz_rhp,0))) -> 1-0.0699166666666668i | X13: =IMABS(W13) -> 1.0024412 | Y13: =IMARGUMENT(W13) -> -0.069803074 | Z13: =IF(Dc_Mode_Loop="CCM",IMSUM(COMPLEX(1,0),IMDIV(COMPLEX(0,2*PI()*O13),COMPLEX(Q*(wsl/2),0)),IMDIV(IMPOWER(COMPLEX(0,2*PI()*O13),2),IMPOWER(COMPLEX(wsl/2,0),2))),COMPLEX(1,0)) -> 0.998245053836876+0.146874352941177i | AA13: =IMABS(Z13) -> 1.0089922 | AB13: =IMARGUMENT(Z13) -> 0.14608444 | AC13: =(IMDIV(IMPRODUCT(P13,T13,W13),IMPRODUCT(Q13,Z13))) -> 0.0314452564948859-0.126348792096567i | AD13: =20*LOG(IMABS(AC13)) -> -17.70758 | AE13: =(180/PI())*IMARGUMENT(AC13) -> -76.024353 | AF13: =COMPLEX(Adc_ea,0) -> -0.0000673063927557778 | AG13: =COMPLEX(0,2*PI()*O13*wp0_ea) -> 0.000993770823529412i | AH13: =IMABS(AG13) -> 0.00099377082 | AI13: =IMARGUMENT(AG13) -> 1.5707963 | AJ13: =IMSUM(COMPLEX(1,0),IMDIV(COMPLEX(0,2*PI()*O13),COMPLEX(wp1_ea,0))) -> 1+i | AK13: =IMABS(AJ13) -> 1.4142136 | AL13: =IMARGUMENT(AJ13) -> 0.78539816 | AM13: =IMSUM(COMPLEX(1,0),IMDIV(COMPLEX(0,2*PI()*O13),COMPLEX(wz_ea,0))) -> 1+148.058823529412i | AN13: =IMABS(AM13) -> 148.0622 | AO13: =IMARGUMENT(AM13) -> 1.5640424 | AP13: =IMPRODUCT(AF13,IMDIV(AM13,IMPRODUCT(AG13,AJ13))) -> -4.98002089632705+5.0477491805171i | AQ13: =20*LOG(IMABS(AP13)) -> 17.013986 | AR13: =(180/PI())*IMARGUMENT(AP13) -> 134.61303 | AS13: =IMPRODUCT(AC13,AP13) -> 0.481178977329876+0.787947392569796i | AT13: =20*LOG(IMABS(AS13)) -> -0.69359462 | AU13: =(180/PI())*IMARGUMENT(AS13) -> 58.588673
A14: Dc_Mode_Loop_Loop | B14: CCM | E14: Duty Cycle mode for Loop Comenstation | AX14: phase margin | AY14: =SUM(AY19:AY559) -> 60.080562
O15: Selected VIN | P15: =B17 -> 24 | Q15: V
A16: Plant Parameters | P16: Plant Transfer Function | AF16: Error Amplifier | AS16: Open Loop Response
A17: VIN_VAR | B17: =VIN_var -> 24 | C17: V | E17: Variable input voltage | Q17: wp_lf | T17: wz_esr | W17: wz_rhp | Z17: Sampling | AC17: Total | AG17: wp0_ea | AJ17: wp1_ea | AM17: wz_ea | AP17: Total | AS17: Total
A18: IOUT_VAR | C18: A | E18: Variable output current (Need to add this in | O18: Frequency | P18: ADC | Q18: Complex | R18: Gain | S18: Phase | T18: Complex | U18: Gain | V18: Phase | W18: Complex | X18: Gain | Y18: Phase | Z18: Complex | AA18: Gain | AB18: Phase | AC18: COMPLEX | AD18: Gain | AE18: Phase | AF18: ADC_ea | AG18: Complex | AH18: Gain | AI18: Phase | AJ18: Complex | AK18: Gain | AL18: Phase | AM18: Complex | AN18: Gain | AO18: Phase | AP18: COMPLEX | AQ18: Gain | AR18: Phase | AS18: COMPLEX | AT18: Gain | AU18: Phase | AX18: Gain Cross | AY18: Phase Cross
N19: 1 | O19: =10^(1+(N19/100)) -> 10.23293 | P19: =COMPLEX(Adc,0) -> 87 | Q19: =IMSUM(COMPLEX(1,0),IMDIV(COMPLEX(0,2*PI()*O19),COMPLEX(wp_lf,0))) -> 1+0.482215462052872i | R19: =IMABS(Q19) -> 1.1101945 | S19: =IMARGUMENT(Q19) -> 0.44931902 | T19: =IMSUM(COMPLEX(1,0),IMDIV(COMPLEX(0,2*PI()*O19),COMPLEX(wz_esr,0))) -> 1+0.000321476974701914i | U19: =IMABS(T19) -> 1.0000001 | V19: =IMARGUMENT(T19) -> 0.00032147696 | W19: =IMSUB(COMPLEX(1,0),IMDIV(COMPLEX(0,2*PI()*O19),COMPLEX(wz_rhp,0))) -> 1-0.0000455425714161045i | X19: =IMABS(W19) -> 1 | Y19: =IMARGUMENT(W19) -> -4.5542571e-05 | Z19: =IF(Dc_Mode_Loop="CCM",IMSUM(COMPLEX(1,0),IMDIV(COMPLEX(0,2*PI()*O19),COMPLEX(Q*(wsl/2),0)),IMDIV(IMPOWER(COMPLEX(0,2*PI()*O19),2),IMPOWER(COMPLEX(wsl/2,0),2))),COMPLEX(1,0)) -> 0.999999999255375+0.0000956715476712895i | AA19: =IMABS(Z19) -> 1 | AB19: =IMARGUMENT(Z19) -> 9.5671547e-05 | AC19: =(IMDIV(IMPRODUCT(P19,T19,W19),IMPRODUCT(Q19,Z19))) -> 70.5925549020351-34.0251386113991i | AD19: =20*LOG(IMABS(AC19)) -> 37.882404 | AE19: =(180/PI())*IMARGUMENT(AC19) -> -25.733755 | AF19: =COMPLEX(Adc_ea,0) -> -0.0000673063927557778 | AG19: =COMPLEX(0,2*PI()*O19*wp0_ea) -> 6.47326036259773E-07i | AH19: =IMABS(AG19) -> 6.4732604e-07 | AI19: =IMARGUMENT(AG19) -> 1.5707963 | AJ19: =IMSUM(COMPLEX(1,0),IMDIV(COMPLEX(0,2*PI()*O19),COMPLEX(wp1_ea,0))) -> 1+0.000651383619777417i | AK19: =IMABS(AJ19) -> 1.0000002 | AL19: =IMARGUMENT(AJ19) -> 0.00065138353 | AM19: =IMSUM(COMPLEX(1,0),IMDIV(COMPLEX(0,2*PI()*O19),COMPLEX(wz_ea,0))) -> 1+0.096443092410574i | AN19: =IMABS(AM19) -> 1.0046399 | AO19: =IMARGUMENT(AM19) -> 0.096145736 | AP19: =IMPRODUCT(AF19,IMDIV(AM19,IMPRODUCT(AG19,AJ19))) -> -9.96003756660395+103.982519952388i | AQ19: =20*LOG(IMABS(AP19)) -> 40.378871 | AR19: =(180/PI())*IMARGUMENT(AP19) -> 95.471423 | AS19: =IMPRODUCT(AC19,AP19) -> 2834.91515579575+7679.28340736935i | AT19: =20*LOG(IMABS(AS19)) -> 78.261275 | AU19: =(180/PI())*IMARGUMENT(AS19) -> 69.737668 | AX19: =SUM((AT20<0)*(AT19>0))*O19 -> 0 | AY19: =IF(AX19>0,AU19,0) -> 0
A20: VOUT | B20: =VOUT -> 30 | C20: V | E20: Output Voltage | N20: 2 | O20: =10^(1+(N20/100)) -> 10.471285 | P20: =COMPLEX(Adc,0) -> 87 | Q20: =IMSUM(COMPLEX(1,0),IMDIV(COMPLEX(0,2*PI()*O20),COMPLEX(wp_lf,0))) -> 1+0.493447703088129i | R20: =IMABS(Q20) -> 1.1151191 | S20: =IMARGUMENT(Q20) -> 0.45839205 | T20: =IMSUM(COMPLEX(1,0),IMDIV(COMPLEX(0,2*PI()*O20),COMPLEX(wz_esr,0))) -> 1+0.000328965135392085i | U20: =IMABS(T20) -> 1.0000001 | V20: =IMARGUMENT(T20) -> 0.00032896512 | W20: =IMSUB(COMPLEX(1,0),IMDIV(COMPLEX(0,2*PI()*O20),COMPLEX(wz_rhp,0))) -> 1-0.0000466033941805455i | X20: =IMABS(W20) -> 1 | Y20: =IMARGUMENT(W20) -> -4.6603394e-05 | Z20: =IF(Dc_Mode_Loop="CCM",IMSUM(COMPLEX(1,0),IMDIV(COMPLEX(0,2*PI()*O20),COMPLEX(Q*(wsl/2),0)),IMDIV(IMPOWER(COMPLEX(0,2*PI()*O20),2),IMPOWER(COMPLEX(wsl/2,0),2))),COMPLEX(1,0)) -> 0.999999999220282+0.0000979000242926847i | AA20: =IMABS(Z20) -> 1 | AB20: =IMARGUMENT(Z20) -> 9.7900024e-05 | AC20: =(IMDIV(IMPRODUCT(P20,T20,W20),IMPRODUCT(Q20,Z20))) -> 69.9707093951138-34.5108376653725i | AD20: =20*LOG(IMABS(AC20)) -> 37.84396 | AE20: =(180/PI())*IMARGUMENT(AC20) -> -26.253361 | AF20: =COMPLEX(Adc_ea,0) -> -0.0000673063927557778 | AG20: =COMPLEX(0,2*PI()*O20*wp0_ea) -> 6.62404196625503E-07i | AH20: =IMABS(AG20) -> 6.624042e-07 | AI20: =IMARGUMENT(AG20) -> 1.5707963 | AJ20: =IMSUM(COMPLEX(1,0),IMDIV(COMPLEX(0,2*PI()*O20),COMPLEX(wp1_ea,0))) -> 1+0.000666556293404702i | AK20: =IMABS(AJ20) -> 1.0000002 | AL20: =IMARGUMENT(AJ20) -> 0.00066655619 | AM20: =IMSUM(COMPLEX(1,0),IMDIV(COMPLEX(0,2*PI()*O20),COMPLEX(wz_ea,0))) -> 1+0.0986895406176256i | AN20: =IMABS(AM20) -> 1.004858 | AO20: =IMARGUMENT(AM20) -> 0.098371 | AP20: =IMPRODUCT(AF20,IMDIV(AM20,IMPRODUCT(AG20,AJ20))) -> -9.96003736743646+101.615887626999i | AQ20: =20*LOG(IMABS(AP20)) -> 40.180757 | AR20: =(180/PI())*IMARGUMENT(AP20) -> 95.598052 | AS20: =IMPRODUCT(AC20,AP20) -> 2809.93852191673+7453.86497580393i | AT20: =20*LOG(IMABS(AS20)) -> 78.024717 | AU20: =(180/PI())*IMARGUMENT(AS20) -> 69.344692 | AX20: =SUM((AT21<0)*(AT20>0))*O20 -> 0 | AY20: =IF(AX20>0,AU20,0) -> 0
A21: IOUT | B21: =IOUT -> 2 | C21: A | E21: Maximum Output current | N21: 3 | O21: =10^(1+(N21/100)) -> 10.715193 | P21: =COMPLEX(Adc,0) -> 87 | Q21: =IMSUM(COMPLEX(1,0),IMDIV(COMPLEX(0,2*PI()*O21),COMPLEX(wp_lf,0))) -> 1+0.504941576627117i | R21: =IMABS(Q21) -> 1.1202526 | S21: =IMARGUMENT(Q21) -> 0.46759305 | T21: =IMSUM(COMPLEX(1,0),IMDIV(COMPLEX(0,2*PI()*O21),COMPLEX(wz_esr,0))) -> 1+0.000336627717751411i | U21: =IMABS(T21) -> 1.0000001 | V21: =IMARGUMENT(T21) -> 0.00033662771 | W21: =IMSUB(COMPLEX(1,0),IMDIV(COMPLEX(0,2*PI()*O21),COMPLEX(wz_rhp,0))) -> 1-0.0000476889266814499i | X21: =IMABS(W21) -> 1 | Y21: =IMARGUMENT(W21) -> -4.7688927e-05 | Z21: =IF(Dc_Mode_Loop="CCM",IMSUM(COMPLEX(1,0),IMDIV(COMPLEX(0,2*PI()*O21),COMPLEX(Q*(wsl/2),0)),IMDIV(IMPOWER(COMPLEX(0,2*PI()*O21),2),IMPOWER(COMPLEX(wsl/2,0),2))),COMPLEX(1,0)) -> 0.999999999183535+0.00010018040880282i | AA21: =IMABS(Z21) -> 1 | AB21: =IMARGUMENT(Z21) -> 0.00010018041 | AC21: =(IMDIV(IMPRODUCT(P21,T21,W21),IMPRODUCT(Q21,Z21))) -> 69.3311974535684-34.991782172692i | AD21: =20*LOG(IMABS(AC21)) -> 37.804066 | AE21: =(180/PI())*IMARGUMENT(AC21) -> -26.780293 | AF21: =COMPLEX(Adc_ea,0) -> -0.0000673063927557778 | AG21: =COMPLEX(0,2*PI()*O21*wp0_ea) -> 6.7783357246424E-07i | AH21: =IMABS(AG21) -> 6.7783357e-07 | AI21: =IMARGUMENT(AG21) -> 1.5707963 | AJ21: =IMSUM(COMPLEX(1,0),IMDIV(COMPLEX(0,2*PI()*O21),COMPLEX(wp1_ea,0))) -> 1+0.000682082384001666i | AK21: =IMABS(AJ21) -> 1.0000002 | AL21: =IMARGUMENT(AJ21) -> 0.00068208228 | AM21: =IMSUM(COMPLEX(1,0),IMDIV(COMPLEX(0,2*PI()*O21),COMPLEX(wz_ea,0))) -> 1+0.100988315325423i | AN21: =IMABS(AM21) -> 1.0050864 | AO21: =IMARGUMENT(AM21) -> 0.10064709 | AP21: =IMPRODUCT(AF21,IMDIV(AM21,IMPRODUCT(AG21,AJ21))) -> -9.96003715888242+99.3031333902629i | AQ21: =20*LOG(IMABS(AP21)) -> 39.982731 | AR21: =(180/PI())*IMARGUMENT(AP21) -> 95.727573 | AS21: =IMPRODUCT(AC21,AP21) -> 2784.2523097505+7233.32459953389i | AT21: =20*LOG(IMABS(AS21)) -> 77.786797 | AU21: =(180/PI())*IMARGUMENT(AS21) -> 68.94728 | AX21: =SUM((AT22<0)*(AT21>0))*O21 -> 0 | AY21: =IF(AX21>0,AU21,0) -> 0
N22: 4 | O22: =10^(1+(N22/100)) -> 10.964782 | P22: =COMPLEX(Adc,0) -> 87 | Q22: =IMSUM(COMPLEX(1,0),IMDIV(COMPLEX(0,2*PI()*O22),COMPLEX(wp_lf,0))) -> 1+0.516703176873724i | R22: =IMABS(Q22) -> 1.125603 | S22: =IMARGUMENT(Q22) -> 0.47692068 | T22: =IMSUM(COMPLEX(1,0),IMDIV(COMPLEX(0,2*PI()*O22),COMPLEX(wz_esr,0))) -> 1+0.000344468784582482i | U22: =IMABS(T22) -> 1.0000001 | V22: =IMARGUMENT(T22) -> 0.00034446877 | W22: =IMSUB(COMPLEX(1,0),IMDIV(COMPLEX(0,2*PI()*O22),COMPLEX(wz_rhp,0))) -> 1-0.0000487997444825184i | X22: =IMABS(W22) -> 1 | Y22: =IMARGUMENT(W22) -> -4.8799744e-05 | Z22: =IF(Dc_Mode_Loop="CCM",IMSUM(COMPLEX(1,0),IMDIV(COMPLEX(0,2*PI()*O22),COMPLEX(Q*(wsl/2),0)),IMDIV(IMPOWER(COMPLEX(0,2*PI()*O22),2),IMPOWER(COMPLEX(wsl/2,0),2))),COMPLEX(1,0)) -> 0.999999999145056+0.000102513910291747i | AA22: =IMABS(Z22) -> 1 | AB22: =IMARGUMENT(Z22) -> 0.00010251391 | AC22: =(IMDIV(IMPRODUCT(P22,T22,W22),IMPRODUCT(Q22,Z22))) -> 68.6739624682862-35.4672500798968i | AD22: =20*LOG(IMABS(AC22)) -> 37.76268 | AE22: =(180/PI())*IMARGUMENT(AC22) -> -27.314475 | AF22: =COMPLEX(Adc_ea,0) -> -0.0000673063927557778 | AG22: =COMPLEX(0,2*PI()*O22*wp0_ea) -> 6.93622344635286E-07i | AH22: =IMABS(AG22) -> 6.9362234e-07 | AI22: =IMARGUMENT(AG22) -> 1.5707963 | AJ22: =IMSUM(COMPLEX(1,0),IMDIV(COMPLEX(0,2*PI()*O22),COMPLEX(wp1_ea,0))) -> 1+0.000697970123707055i | AK22: =IMABS(AJ22) -> 1.0000002 | AL22: =IMARGUMENT(AJ22) -> 0.00069797001 | AM22: =IMSUM(COMPLEX(1,0),IMDIV(COMPLEX(0,2*PI()*O22),COMPLEX(wz_ea,0))) -> 1+0.103340635374745i | AN22: =IMABS(AM22) -> 1.0053255 | AO22: =IMARGUMENT(AM22) -> 0.10297511 | AP22: =IMPRODUCT(AF22,IMDIV(AM22,IMPRODUCT(AG22,AJ22))) -> -9.96003694049969+97.0430309892696i | AQ22: =20*LOG(IMABS(AP22)) -> 39.784796 | AR22: =(180/PI())*IMARGUMENT(AP22) -> 95.860048 | AS22: =IMPRODUCT(AC22,AP22) -> 2757.85424557298+7017.58458893955i | AT22: =20*LOG(IMABS(AS22)) -> 77.547477 | AU22: =(180/PI())*IMARGUMENT(AS22) -> 68.545573 | AX22: =SUM((AT23<0)*(AT22>0))*O22 -> 0 | AY22: =IF(AX22>0,AU22,0) -> 0
A23: Component Selection | N23: 5 | O23: =10^(1+(N23/100)) -> 11.220185 | P23: =COMPLEX(Adc,0) -> 87 | Q23: =IMSUM(COMPLEX(1,0),IMDIV(COMPLEX(0,2*PI()*O23),COMPLEX(wp_lf,0))) -> 1+0.528738739984085i | R23: =IMABS(Q23) -> 1.1311784 | S23: =IMARGUMENT(Q23) -> 0.4863734 | T23: =IMSUM(COMPLEX(1,0),IMDIV(COMPLEX(0,2*PI()*O23),COMPLEX(wz_esr,0))) -> 1+0.000352492493322723i | U23: =IMABS(T23) -> 1.0000001 | V23: =IMARGUMENT(T23) -> 0.00035249248 | W23: =IMSUB(COMPLEX(1,0),IMDIV(COMPLEX(0,2*PI()*O23),COMPLEX(wz_rhp,0))) -> 1-0.0000499364365540525i | X23: =IMABS(W23) -> 1 | Y23: =IMARGUMENT(W23) -> -4.9936437e-05 | Z23: =IF(Dc_Mode_Loop="CCM",IMSUM(COMPLEX(1,0),IMDIV(COMPLEX(0,2*PI()*O23),COMPLEX(Q*(wsl/2),0)),IMDIV(IMPOWER(COMPLEX(0,2*PI()*O23),2),IMPOWER(COMPLEX(wsl/2,0),2))),COMPLEX(1,0)) -> 0.999999999104764+0.000104901766012842i | AA23: =IMABS(Z23) -> 1 | AB23: =IMARGUMENT(Z23) -> 0.00010490177 | AC23: =(IMDIV(IMPRODUCT(P23,T23,W23),IMPRODUCT(Q23,Z23))) -> 67.9989832580359-35.9365008050997i | AD23: =20*LOG(IMABS(AC23)) -> 37.719763 | AE23: =(180/PI())*IMARGUMENT(AC23) -> -27.855818 | AF23: =COMPLEX(Adc_ea,0) -> -0.0000673063927557778 | AG23: =COMPLEX(0,2*PI()*O23*wp0_ea) -> 7.09778884554634E-07i | AH23: =IMABS(AG23) -> 7.0977888e-07 | AI23: =IMARGUMENT(AG23) -> 1.5707963 | AJ23: =IMSUM(COMPLEX(1,0),IMDIV(COMPLEX(0,2*PI()*O23),COMPLEX(wp1_ea,0))) -> 1+0.000714227936410761i | AK23: =IMABS(AJ23) -> 1.0000003 | AL23: =IMARGUMENT(AJ23) -> 0.00071422781 | AM23: =IMSUM(COMPLEX(1,0),IMDIV(COMPLEX(0,2*PI()*O23),COMPLEX(wz_ea,0))) -> 1+0.105747747996817i | AN23: =IMABS(AM23) -> 1.0055757 | AO23: =IMARGUMENT(AM23) -> 0.10535619 | AP23: =IMPRODUCT(AF23,IMDIV(AM23,IMPRODUCT(AG23,AJ23))) -> -9.96003671182481+94.8343820878085i | AQ23: =20*LOG(IMABS(AP23)) -> 39.586958 | AR23: =(180/PI())*IMARGUMENT(AP23) -> 95.995543 | AS23: =IMPRODUCT(AC23,AP23) -> 2730.74347863286+6806.57042718839i | AT23: =20*LOG(IMABS(AS23)) -> 77.306722 | AU23: =(180/PI())*IMARGUMENT(AS23) -> 68.139725 | AX23: =SUM((AT24<0)*(AT23>0))*O23 -> 0 | AY23: =IF(AX23>0,AU23,0) -> 0
A24: LM | B24: =Lm -> 6.8e-06 | C24: H | E24: filter Inductor | N24: 6 | O24: =10^(1+(N24/100)) -> 11.481536 | P24: =COMPLEX(Adc,0) -> 87 | Q24: =IMSUM(COMPLEX(1,0),IMDIV(COMPLEX(0,2*PI()*O24),COMPLEX(wp_lf,0))) -> 1+0.54105464737307i | R24: =IMABS(Q24) -> 1.1369873 | S24: =IMARGUMENT(Q24) -> 0.49594945 | T24: =IMSUM(COMPLEX(1,0),IMDIV(COMPLEX(0,2*PI()*O24),COMPLEX(wz_esr,0))) -> 1+0.000360703098248713i | U24: =IMABS(T24) -> 1.0000001 | V24: =IMARGUMENT(T24) -> 0.00036070308 | W24: =IMSUB(COMPLEX(1,0),IMDIV(COMPLEX(0,2*PI()*O24),COMPLEX(wz_rhp,0))) -> 1-0.0000510996055852344i | X24: =IMABS(W24) -> 1 | Y24: =IMARGUMENT(W24) -> -5.1099606e-05 | Z24: =IF(Dc_Mode_Loop="CCM",IMSUM(COMPLEX(1,0),IMDIV(COMPLEX(0,2*PI()*O24),COMPLEX(Q*(wsl/2),0)),IMDIV(IMPOWER(COMPLEX(0,2*PI()*O24),2),IMPOWER(COMPLEX(wsl/2,0),2))),COMPLEX(1,0)) -> 0.999999999062573+0.000107345242038817i | AA24: =IMABS(Z24) -> 1 | AB24: =IMARGUMENT(Z24) -> 0.00010734524 | AC24: =(IMDIV(IMPRODUCT(P24,T24,W24),IMPRODUCT(Q24,Z24))) -> 67.3062761092694-36.398777018858i | AD24: =20*LOG(IMABS(AC24)) -> 37.675273 | AE24: =(180/PI())*IMARGUMENT(AC24) -> -28.404222 | AF24: =COMPLEX(Adc_ea,0) -> -0.0000673063927557778 | AG24: =COMPLEX(0,2*PI()*O24*wp0_ea) -> 7.26311758633607E-07i | AH24: =IMABS(AG24) -> 7.2631176e-07 | AI24: =IMARGUMENT(AG24) -> 1.5707963 | AJ24: =IMSUM(COMPLEX(1,0),IMDIV(COMPLEX(0,2*PI()*O24),COMPLEX(wp1_ea,0))) -> 1+0.000730864442220275i | AK24: =IMABS(AJ24) -> 1.0000003 | AL24: =IMARGUMENT(AJ24) -> 0.00073086431 | AM24: =IMSUM(COMPLEX(1,0),IMDIV(COMPLEX(0,2*PI()*O24),COMPLEX(wz_ea,0))) -> 1+0.108210929474614i | AN24: =IMABS(AM24) -> 1.0058378 | AO24: =IMARGUMENT(AM24) -> 0.1077915 | AP24: =IMPRODUCT(AF24,IMDIV(AM24,IMPRODUCT(AG24,AJ24))) -> -9.96003647237283+92.6760156309966i | AQ24: =20*LOG(IMABS(AP24)) -> 39.389221 | AR24: =(180/PI())*IMARGUMENT(AP24) -> 96.134123 | AS24: =IMPRODUCT(AC24,AP24) -> 2702.92066308092+6600.21064342442i | AT24: =20*LOG(IMABS(AS24)) -> 77.064494 | AU24: =(180/PI())*IMARGUMENT(AS24) -> 67.729901 | AX24: =SUM((AT25<0)*(AT24>0))*O24 -> 0 | AY24: =IF(AX24>0,AU24,0) -> 0
N25: 7 | O25: =10^(1+(N25/100)) -> 11.748976 | P25: =COMPLEX(Adc,0) -> 87 | Q25: =IMSUM(COMPLEX(1,0),IMDIV(COMPLEX(0,2*PI()*O25),COMPLEX(wp_lf,0))) -> 1+0.553657429097797i | R25: =IMABS(Q25) -> 1.1430383 | S25: =IMARGUMENT(Q25) -> 0.50564688 | T25: =IMSUM(COMPLEX(1,0),IMDIV(COMPLEX(0,2*PI()*O25),COMPLEX(wz_esr,0))) -> 1+0.000369104952731864i | U25: =IMABS(T25) -> 1.0000001 | V25: =IMARGUMENT(T25) -> 0.00036910494 | W25: =IMSUB(COMPLEX(1,0),IMDIV(COMPLEX(0,2*PI()*O25),COMPLEX(wz_rhp,0))) -> 1-0.0000522898683036808i | X25: =IMABS(W25) -> 1 | Y25: =IMARGUMENT(W25) -> -5.2289868e-05 | Z25: =IF(Dc_Mode_Loop="CCM",IMSUM(COMPLEX(1,0),IMDIV(COMPLEX(0,2*PI()*O25),COMPLEX(Q*(wsl/2),0)),IMDIV(IMPOWER(COMPLEX(0,2*PI()*O25),2),IMPOWER(COMPLEX(wsl/2,0),2))),COMPLEX(1,0)) -> 0.999999999018393+0.000109845633933003i | AA25: =IMABS(Z25) -> 1 | AB25: =IMARGUMENT(Z25) -> 0.00010984563 | AC25: =(IMDIV(IMPRODUCT(P25,T25,W25),IMPRODUCT(Q25,Z25))) -> 66.5958967375242-36.8533066343604i | AD25: =20*LOG(IMABS(AC25)) -> 37.62917 | AE25: =(180/PI())*IMARGUMENT(AC25) -> -28.959574 | AF25: =COMPLEX(Adc_ea,0) -> -0.0000673063927557778 | AG25: =COMPLEX(0,2*PI()*O25*wp0_ea) -> 7.43229732820881E-07i | AH25: =IMABS(AG25) -> 7.4322973e-07 | AI25: =IMARGUMENT(AG25) -> 1.5707963 | AJ25: =IMSUM(COMPLEX(1,0),IMDIV(COMPLEX(0,2*PI()*O25),COMPLEX(wp1_ea,0))) -> 1+0.00074788846203119i | AK25: =IMABS(AJ25) -> 1.0000003 | AL25: =IMARGUMENT(AJ25) -> 0.00074788832 | AM25: =IMSUM(COMPLEX(1,0),IMDIV(COMPLEX(0,2*PI()*O25),COMPLEX(wz_ea,0))) -> 1+0.110731485819559i | AN25: =IMABS(AM25) -> 1.0061121 | AO25: =IMARGUMENT(AM25) -> 0.11028221 | AP25: =IMPRODUCT(AF25,IMDIV(AM25,IMPRODUCT(AG25,AJ25))) -> -9.96003622163579+90.5667872243674i | AQ25: =20*LOG(IMABS(AP25)) -> 39.191589 | AR25: =(180/PI())*IMARGUMENT(AP25) -> 96.275854 | AS25: =IMPRODUCT(AC25,AP25) -> 2674.38803675043+6398.43667880858i | AT25: =20*LOG(IMABS(AS25)) -> 76.820759 | AU25: =(180/PI())*IMARGUMENT(AS25) -> 67.316281 | AX25: =SUM((AT26<0)*(AT25>0))*O25 -> 0 | AY25: =IF(AX25>0,AU25,0) -> 0
A26: R_cs | B26: =R_cs -> 0.01 | C26: Ω | E26: Current sense resi | N26: 8 | O26: =10^(1+(N26/100)) -> 12.022644 | P26: =COMPLEX(Adc,0) -> 87 | Q26: =IMSUM(COMPLEX(1,0),IMDIV(COMPLEX(0,2*PI()*O26),COMPLEX(wp_lf,0))) -> 1+0.566553767319954i | R26: =IMABS(Q26) -> 1.1493403 | S26: =IMARGUMENT(Q26) -> 0.51546355 | T26: =IMSUM(COMPLEX(1,0),IMDIV(COMPLEX(0,2*PI()*O26),COMPLEX(wz_esr,0))) -> 1+0.000377702511546635i | U26: =IMABS(T26) -> 1.0000001 | V26: =IMARGUMENT(T26) -> 0.00037770249 | W26: =IMSUB(COMPLEX(1,0),IMDIV(COMPLEX(0,2*PI()*O26),COMPLEX(wz_rhp,0))) -> 1-0.0000535078558024401i | X26: =IMABS(W26) -> 1 | Y26: =IMARGUMENT(W26) -> -5.3507856e-05 | Z26: =IF(Dc_Mode_Loop="CCM",IMSUM(COMPLEX(1,0),IMDIV(COMPLEX(0,2*PI()*O26),COMPLEX(Q*(wsl/2),0)),IMDIV(IMPOWER(COMPLEX(0,2*PI()*O26),2),IMPOWER(COMPLEX(wsl/2,0),2))),COMPLEX(1,0)) -> 0.999999998972132+0.000112404267436279i | AA26: =IMABS(Z26) -> 1 | AB26: =IMARGUMENT(Z26) -> 0.00011240427 | AC26: =(IMDIV(IMPRODUCT(P26,T26,W26),IMPRODUCT(Q26,Z26))) -> 65.8679421488738-37.299305006696i | AD26: =20*LOG(IMABS(AC26)) -> 37.581413 | AE26: =(180/PI())*IMARGUMENT(AC26) -> -29.521751 | AF26: =COMPLEX(Adc_ea,0) -> -0.0000673063927557778 | AG26: =COMPLEX(0,2*PI()*O26*wp0_ea) -> 7.60541777250305E-07i | AH26: =IMABS(AG26) -> 7.6054178e-07 | AI26: =IMARGUMENT(AG26) -> 1.5707963 | AJ26: =IMSUM(COMPLEX(1,0),IMDIV(COMPLEX(0,2*PI()*O26),COMPLEX(wp1_ea,0))) -> 1+0.000765309022204147i | AK26: =IMABS(AJ26) -> 1.0000003 | AL26: =IMARGUMENT(AJ26) -> 0.00076530887 | AM26: =IMSUM(COMPLEX(1,0),IMDIV(COMPLEX(0,2*PI()*O26),COMPLEX(wz_ea,0))) -> 1+0.11331075346399i | AN26: =IMABS(AM26) -> 1.0063992 | AO26: =IMARGUMENT(AM26) -> 0.11282951 | AP26: =IMPRODUCT(AF26,IMDIV(AM26,IMPRODUCT(AG26,AJ26))) -> -9.96003595908189+88.5055785271003i | AQ26: =20*LOG(IMABS(AP26)) -> 38.994068 | AR26: =(180/PI())*IMARGUMENT(AP26) -> 96.420806 | AS26: =IMPRODUCT(AC26,AP26) -> 2645.14949592289+6201.1827453911i | AT26: =20*LOG(IMABS(AS26)) -> 76.575481 | AU26: =(180/PI())*IMARGUMENT(AS26) -> 66.899055 | AX26: =SUM((AT27<0)*(AT26>0))*O26 -> 0 | AY26: =IF(AX26>0,AU26,0) -> 0
A27: R_sl | B27: =R_sl -> 267 | C27: Ω | E27: External Slope Compensation Resistor | N27: 9 | O27: =10^(1+(N27/100)) -> 12.302688 | P27: =COMPLEX(Adc,0) -> 87 | Q27: =IMSUM(COMPLEX(1,0),IMDIV(COMPLEX(0,2*PI()*O27),COMPLEX(wp_lf,0))) -> 1+0.57975049984877i | R27: =IMABS(Q27) -> 1.1559025 | S27: =IMARGUMENT(Q27) -> 0.52539708 | T27: =IMSUM(COMPLEX(1,0),IMDIV(COMPLEX(0,2*PI()*O27),COMPLEX(wz_esr,0))) -> 1+0.000386500333232513i | U27: =IMABS(T27) -> 1.0000001 | V27: =IMARGUMENT(T27) -> 0.00038650031 | W27: =IMSUB(COMPLEX(1,0),IMDIV(COMPLEX(0,2*PI()*O27),COMPLEX(wz_rhp,0))) -> 1-0.0000547542138746061i | X27: =IMABS(W27) -> 1 | Y27: =IMARGUMENT(W27) -> -5.4754214e-05 | Z27: =IF(Dc_Mode_Loop="CCM",IMSUM(COMPLEX(1,0),IMDIV(COMPLEX(0,2*PI()*O27),COMPLEX(Q*(wsl/2),0)),IMDIV(IMPOWER(COMPLEX(0,2*PI()*O27),2),IMPOWER(COMPLEX(wsl/2,0),2))),COMPLEX(1,0)) -> 0.99999999892369+0.000115022499169996i | AA27: =IMABS(Z27) -> 1 | AB27: =IMARGUMENT(Z27) -> 0.0001150225 | AC27: =(IMDIV(IMPRODUCT(P27,T27,W27),IMPRODUCT(Q27,Z27))) -> 65.1225523791191-37.7359773387174i | AD27: =20*LOG(IMABS(AC27)) -> 37.531961 | AE27: =(180/PI())*IMARGUMENT(AC27) -> -30.090618 | AF27: =COMPLEX(Adc_ea,0) -> -0.0000673063927557778 | AG27: =COMPLEX(0,2*PI()*O27*wp0_ea) -> 7.78257070996987E-07i | AH27: =IMABS(AG27) -> 7.7825707e-07 | AI27: =IMARGUMENT(AG27) -> 1.5707963 | AJ27: =IMSUM(COMPLEX(1,0),IMDIV(COMPLEX(0,2*PI()*O27),COMPLEX(wp1_ea,0))) -> 1+0.00078313535935074i | AK27: =IMABS(AJ27) -> 1.0000003 | AL27: =IMARGUMENT(AJ27) -> 0.0007831352 | AM27: =IMSUM(COMPLEX(1,0),IMDIV(COMPLEX(0,2*PI()*O27),COMPLEX(wz_ea,0))) -> 1+0.115950099969754i | AN27: =IMABS(AM27) -> 1.0066998 | AO27: =IMARGUMENT(AM27) -> 0.11543462 | AP27: =IMPRODUCT(AF27,IMDIV(AM27,IMPRODUCT(AG27,AJ27))) -> -9.96003568415433+86.4912966590596i | AQ27: =20*LOG(IMABS(AP27)) -> 38.796662 | AR27: =(180/PI())*IMARGUMENT(AP27) -> 96.569046 | AS27: =IMPRODUCT(AC27,AP27) -> 2615.21066518332+6008.3856778876i | AT27: =20*LOG(IMABS(AS27)) -> 76.328623 | AU27: =(180/PI())*IMARGUMENT(AS27) -> 66.478429 | AX27: =SUM((AT28<0)*(AT27>0))*O27 -> 0 | AY27: =IF(AX27>0,AU27,0) -> 0
A28: Rsl_int | B28: =Rsl_int -> 1333 | C28: Ω | E28: Interanl Slope Compesnation Resistor | N28: 10 | O28: =10^(1+(N28/100)) -> 12.589254 | P28: =COMPLEX(Adc,0) -> 87 | Q28: =IMSUM(COMPLEX(1,0),IMDIV(COMPLEX(0,2*PI()*O28),COMPLEX(wp_lf,0))) -> 1+0.593254623766511i | R28: =IMABS(Q28) -> 1.1627343 | S28: =IMARGUMENT(Q28) -> 0.5354449 | T28: =IMSUM(COMPLEX(1,0),IMDIV(COMPLEX(0,2*PI()*O28),COMPLEX(wz_esr,0))) -> 1+0.000395503082511007i | U28: =IMABS(T28) -> 1.0000001 | V28: =IMARGUMENT(T28) -> 0.00039550306 | W28: =IMSUB(COMPLEX(1,0),IMDIV(COMPLEX(0,2*PI()*O28),COMPLEX(wz_rhp,0))) -> 1-0.000056029603355726i | X28: =IMABS(W28) -> 1 | Y28: =IMARGUMENT(W28) -> -5.6029603e-05 | Z28: =IF(Dc_Mode_Loop="CCM",IMSUM(COMPLEX(1,0),IMDIV(COMPLEX(0,2*PI()*O28),COMPLEX(Q*(wsl/2),0)),IMDIV(IMPOWER(COMPLEX(0,2*PI()*O28),2),IMPOWER(COMPLEX(wsl/2,0),2))),COMPLEX(1,0)) -> 0.999999998872965+0.000117701717355276i | AA28: =IMABS(Z28) -> 1 | AB28: =IMARGUMENT(Z28) -> 0.00011770172 | AC28: =(IMDIV(IMPRODUCT(P28,T28,W28),IMPRODUCT(Q28,Z28))) -> 64.359912087892-38.1625212885554i | AD28: =20*LOG(IMABS(AC28)) -> 37.480776 | AE28: =(180/PI())*IMARGUMENT(AC28) -> -30.666026 | AF28: =COMPLEX(Adc_ea,0) -> -0.0000673063927557778 | AG28: =COMPLEX(0,2*PI()*O28*wp0_ea) -> 7.96385006944162E-07i | AH28: =IMABS(AG28) -> 7.9638501e-07 | AI28: =IMARGUMENT(AG28) -> 1.5707963 | AJ28: =IMSUM(COMPLEX(1,0),IMDIV(COMPLEX(0,2*PI()*O28),COMPLEX(wp1_ea,0))) -> 1+0.000801376925230883i | AK28: =IMABS(AJ28) -> 1.0000003 | AL28: =IMARGUMENT(AJ28) -> 0.00080137675 | AM28: =IMSUM(COMPLEX(1,0),IMDIV(COMPLEX(0,2*PI()*O28),COMPLEX(wz_ea,0))) -> 1+0.118650924753302i | AN28: =IMABS(AM28) -> 1.0070144 | AO28: =IMARGUMENT(AM28) -> 0.11809879 | AP28: =IMPRODUCT(AF28,IMDIV(AM28,IMPRODUCT(AG28,AJ28))) -> -9.96003539626981+84.5228736213343i | AQ28: =20*LOG(IMABS(AP28)) -> 38.599376 | AR28: =(180/PI())*IMARGUMENT(AP28) -> 96.720647 | AS28: =IMPRODUCT(AC28,AP28) -> 2584.57896144783+5819.98477852999i | AT28: =20*LOG(IMABS(AS28)) -> 76.080152 | AU28: =(180/PI())*IMARGUMENT(AS28) -> 66.05462 | AX28: =SUM((AT29<0)*(AT28>0))*O28 -> 0 | AY28: =IF(AX28>0,AU28,0) -> 0
A29: Isl | B29: =Isl -> 3e-05 | C29: A | E29: Interanl Slope Compesnation current | N29: 11 | O29: =10^(1+(N29/100)) -> 12.882496 | P29: =COMPLEX(Adc,0) -> 87 | Q29: =IMSUM(COMPLEX(1,0),IMDIV(COMPLEX(0,2*PI()*O29),COMPLEX(wp_lf,0))) -> 1+0.607073299138426i | R29: =IMABS(Q29) -> 1.1698453 | S29: =IMARGUMENT(Q29) -> 0.54560423 | T29: =IMSUM(COMPLEX(1,0),IMDIV(COMPLEX(0,2*PI()*O29),COMPLEX(wz_esr,0))) -> 1+0.000404715532758949i | U29: =IMABS(T29) -> 1.0000001 | V29: =IMARGUMENT(T29) -> 0.00040471551 | W29: =IMSUB(COMPLEX(1,0),IMDIV(COMPLEX(0,2*PI()*O29),COMPLEX(wz_rhp,0))) -> 1-0.0000573347004741846i | X29: =IMABS(W29) -> 1 | Y29: =IMARGUMENT(W29) -> -5.73347e-05 | Z29: =IF(Dc_Mode_Loop="CCM",IMSUM(COMPLEX(1,0),IMDIV(COMPLEX(0,2*PI()*O29),COMPLEX(Q*(wsl/2),0)),IMDIV(IMPOWER(COMPLEX(0,2*PI()*O29),2),IMPOWER(COMPLEX(wsl/2,0),2))),COMPLEX(1,0)) -> 0.999999998819849+0.000120443342549063i | AA29: =IMABS(Z29) -> 1 | AB29: =IMARGUMENT(Z29) -> 0.00012044334 | AC29: =(IMDIV(IMPRODUCT(P29,T29,W29),IMPRODUCT(Q29,Z29))) -> 63.5802519845975-38.5781297712537i | AD29: =20*LOG(IMABS(AC29)) -> 37.427817 | AE29: =(180/PI())*IMARGUMENT(AC29) -> -31.247817 | AF29: =COMPLEX(Adc_ea,0) -> -0.0000673063927557778 | AG29: =COMPLEX(0,2*PI()*O29*wp0_ea) -> 8.14935196763421E-07i | AH29: =IMABS(AG29) -> 8.149352e-07 | AI29: =IMARGUMENT(AG29) -> 1.5707963 | AJ29: =IMSUM(COMPLEX(1,0),IMDIV(COMPLEX(0,2*PI()*O29),COMPLEX(wp1_ea,0))) -> 1+0.00082004339176426i | AK29: =IMABS(AJ29) -> 1.0000003 | AL29: =IMARGUMENT(AJ29) -> 0.00082004321 | AM29: =IMSUM(COMPLEX(1,0),IMDIV(COMPLEX(0,2*PI()*O29),COMPLEX(wz_ea,0))) -> 1+0.121414659827685i | AN29: =IMABS(AM29) -> 1.0073438 | AO29: =IMARGUMENT(AM29) -> 0.12082327 | AP29: =IMPRODUCT(AF29,IMDIV(AM29,IMPRODUCT(AG29,AJ29))) -> -9.96003509481767+82.599265729974i | AQ29: =20*LOG(IMABS(AP29)) -> 38.402216 | AR29: =(180/PI())*IMARGUMENT(AP29) -> 96.875678 | AS29: =IMPRODUCT(AC29,AP29) -> 2553.26365123726+5635.92165526859i | AT29: =20*LOG(IMABS(AS29)) -> 75.830033 | AU29: =(180/PI())*IMARGUMENT(AS29) -> 65.627861 | AX29: =SUM((AT30<0)*(AT29>0))*O29 -> 0 | AY29: =IF(AX29>0,AU29,0) -> 0
N30: 12 | O30: =10^(1+(N30/100)) -> 13.182567 | P30: =COMPLEX(Adc,0) -> 87 | Q30: =IMSUM(COMPLEX(1,0),IMDIV(COMPLEX(0,2*PI()*O30),COMPLEX(wp_lf,0))) -> 1+0.621213852809109i | R30: =IMABS(Q30) -> 1.1772454 | S30: =IMARGUMENT(Q30) -> 0.55587206 | T30: =IMSUM(COMPLEX(1,0),IMDIV(COMPLEX(0,2*PI()*O30),COMPLEX(wz_esr,0))) -> 1+0.000414142568539405i | U30: =IMABS(T30) -> 1.0000001 | V30: =IMARGUMENT(T30) -> 0.00041414254 | W30: =IMSUB(COMPLEX(1,0),IMDIV(COMPLEX(0,2*PI()*O30),COMPLEX(wz_rhp,0))) -> 1-0.0000586701972097492i | X30: =IMABS(W30) -> 1 | Y30: =IMARGUMENT(W30) -> -5.8670197e-05 | Z30: =IF(Dc_Mode_Loop="CCM",IMSUM(COMPLEX(1,0),IMDIV(COMPLEX(0,2*PI()*O30),COMPLEX(Q*(wsl/2),0)),IMDIV(IMPOWER(COMPLEX(0,2*PI()*O30),2),IMPOWER(COMPLEX(wsl/2,0),2))),COMPLEX(1,0)) -> 0.999999998764231+0.000123248828397327i | AA30: =IMABS(Z30) -> 1 | AB30: =IMARGUMENT(Z30) -> 0.00012324883 | AC30: =(IMDIV(IMPRODUCT(P30,T30,W30),IMPRODUCT(Q30,Z30))) -> 62.7838500631801-38.9819939442582i | AD30: =20*LOG(IMABS(AC30)) -> 37.373046 | AE30: =(180/PI())*IMARGUMENT(AC30) -> -31.835817 | AF30: =COMPLEX(Adc_ea,0) -> -0.0000673063927557778 | AG30: =COMPLEX(0,2*PI()*O30*wp0_ea) -> 8.33917476010946E-07i | AH30: =IMABS(AG30) -> 8.3391748e-07 | AI30: =IMARGUMENT(AG30) -> 1.5707963 | AJ30: =IMSUM(COMPLEX(1,0),IMDIV(COMPLEX(0,2*PI()*O30),COMPLEX(wp1_ea,0))) -> 1+0.000839144656158508i | AK30: =IMABS(AJ30) -> 1.0000004 | AL30: =IMARGUMENT(AJ30) -> 0.00083914446 | AM30: =IMSUM(COMPLEX(1,0),IMDIV(COMPLEX(0,2*PI()*O30),COMPLEX(wz_ea,0))) -> 1+0.124242770561821i | AN30: =IMABS(AM30) -> 1.0076886 | AO30: =IMARGUMENT(AM30) -> 0.12360935 | AP30: =IMPRODUCT(AF30,IMDIV(AM30,IMPRODUCT(AG30,AJ30))) -> -9.96003477915856+80.7194530626108i | AQ30: =20*LOG(IMABS(AP30)) -> 38.205188 | AR30: =(180/PI())*IMARGUMENT(AP30) -> 97.034214 | AS30: =IMPRODUCT(AC30,AP30) -> 2521.27590027178+5456.14005371062i | AT30: =20*LOG(IMABS(AS30)) -> 75.578234 | AU30: =(180/PI())*IMARGUMENT(AS30) -> 65.198397 | AX30: =SUM((AT31<0)*(AT30>0))*O30 -> 0 | AY30: =IF(AX30>0,AU30,0) -> 0
A31: Gcomp | B31: =Gcomp -> 0.145 | E31: Scale down factor of the interal comp voltage divider | N31: 13 | O31: =10^(1+(N31/100)) -> 13.489629 | P31: =COMPLEX(Adc,0) -> 87 | Q31: =IMSUM(COMPLEX(1,0),IMDIV(COMPLEX(0,2*PI()*O31),COMPLEX(wp_lf,0))) -> 1+0.635683782287289i | R31: =IMABS(Q31) -> 1.1849447 | S31: =IMARGUMENT(Q31) -> 0.56624517 | T31: =IMSUM(COMPLEX(1,0),IMDIV(COMPLEX(0,2*PI()*O31),COMPLEX(wz_esr,0))) -> 1+0.000423789188191525i | U31: =IMABS(T31) -> 1.0000001 | V31: =IMARGUMENT(T31) -> 0.00042378916 | W31: =IMSUB(COMPLEX(1,0),IMDIV(COMPLEX(0,2*PI()*O31),COMPLEX(wz_rhp,0))) -> 1-0.0000600368016604662i | X31: =IMABS(W31) -> 1 | Y31: =IMARGUMENT(W31) -> -6.0036802e-05 | Z31: =IF(Dc_Mode_Loop="CCM",IMSUM(COMPLEX(1,0),IMDIV(COMPLEX(0,2*PI()*O31),COMPLEX(Q*(wsl/2),0)),IMDIV(IMPOWER(COMPLEX(0,2*PI()*O31),2),IMPOWER(COMPLEX(wsl/2,0),2))),COMPLEX(1,0)) -> 0.999999998705991+0.000126119662405798i | AA31: =IMABS(Z31) -> 1 | AB31: =IMARGUMENT(Z31) -> 0.00012611966 | AC31: =(IMDIV(IMPRODUCT(P31,T31,W31),IMPRODUCT(Q31,Z31))) -> 61.971032623091-39.373306363692i | AD31: =20*LOG(IMABS(AC31)) -> 37.316424 | AE31: =(180/PI())*IMARGUMENT(AC31) -> -32.429843 | AF31: =COMPLEX(Adc_ea,0) -> -0.0000673063927557778 | AG31: =COMPLEX(0,2*PI()*O31*wp0_ea) -> 8.53341909342455E-07i | AH31: =IMABS(AG31) -> 8.5334191e-07 | AI31: =IMARGUMENT(AG31) -> 1.5707963 | AJ31: =IMSUM(COMPLEX(1,0),IMDIV(COMPLEX(0,2*PI()*O31),COMPLEX(wp1_ea,0))) -> 1+0.000858690846156844i | AK31: =IMABS(AJ31) -> 1.0000004 | AL31: =IMARGUMENT(AJ31) -> 0.00085869064 | AM31: =IMSUM(COMPLEX(1,0),IMDIV(COMPLEX(0,2*PI()*O31),COMPLEX(wz_ea,0))) -> 1+0.127136756457457i | AN31: =IMABS(AM31) -> 1.0080495 | AO31: =IMARGUMENT(AM31) -> 0.12645832 | AP31: =IMPRODUCT(AF31,IMDIV(AM31,IMPRODUCT(AG31,AJ31))) -> -9.96003444862292+78.8824389176847i | AQ31: =20*LOG(IMABS(AP31)) -> 38.008299 | AR31: =(180/PI())*IMARGUMENT(AP31) -> 97.196329 | AS31: =IMPRODUCT(AC31,AP31) -> 2488.6288144785+5280.58568329538i | AT31: =20*LOG(IMABS(AS31)) -> 75.324723 | AU31: =(180/PI())*IMARGUMENT(AS31) -> 64.766486 | AX31: =SUM((AT32<0)*(AT31>0))*O31 -> 0 | AY31: =IF(AX31>0,AU31,0) -> 0
N32: 14 | O32: =10^(1+(N32/100)) -> 13.803843 | P32: =COMPLEX(Adc,0) -> 87 | Q32: =IMSUM(COMPLEX(1,0),IMDIV(COMPLEX(0,2*PI()*O32),COMPLEX(wp_lf,0))) -> 1+0.650490759721108i | R32: =IMABS(Q32) -> 1.1929536 | S32: =IMARGUMENT(Q32) -> 0.57672014 | T32: =IMSUM(COMPLEX(1,0),IMDIV(COMPLEX(0,2*PI()*O32),COMPLEX(wz_esr,0))) -> 1+0.000433660506480738i | U32: =IMABS(T32) -> 1.0000001 | V32: =IMARGUMENT(T32) -> 0.00043366048 | W32: =IMSUB(COMPLEX(1,0),IMDIV(COMPLEX(0,2*PI()*O32),COMPLEX(wz_rhp,0))) -> 1-0.0000614352384181046i | X32: =IMABS(W32) -> 1 | Y32: =IMARGUMENT(W32) -> -6.1435238e-05 | Z32: =IF(Dc_Mode_Loop="CCM",IMSUM(COMPLEX(1,0),IMDIV(COMPLEX(0,2*PI()*O32),COMPLEX(Q*(wsl/2),0)),IMDIV(IMPOWER(COMPLEX(0,2*PI()*O32),2),IMPOWER(COMPLEX(wsl/2,0),2))),COMPLEX(1,0)) -> 0.999999998645006+0.000129057366728668i | AA32: =IMABS(Z32) -> 1 | AB32: =IMARGUMENT(Z32) -> 0.00012905737 | AC32: =(IMDIV(IMPRODUCT(P32,T32,W32),IMPRODUCT(Q32,Z32))) -> 61.1421750545866-39.751264295481i | AD32: =20*LOG(IMABS(AC32)) -> 37.257915 | AE32: =(180/PI())*IMARGUMENT(AC32) -> -33.029698 | AF32: =COMPLEX(Adc_ea,0) -> -0.0000673063927557778 | AG32: =COMPLEX(0,2*PI()*O32*wp0_ea) -> 8.73218795849613E-07i | AH32: =IMABS(AG32) -> 8.732188e-07 | AI32: =IMARGUMENT(AG32) -> 1.5707963 | AJ32: =IMSUM(COMPLEX(1,0),IMDIV(COMPLEX(0,2*PI()*O32),COMPLEX(wp1_ea,0))) -> 1+0.00087869232540793i | AK32: =IMABS(AJ32) -> 1.0000004 | AL32: =IMARGUMENT(AJ32) -> 0.0008786921 | AM32: =IMSUM(COMPLEX(1,0),IMDIV(COMPLEX(0,2*PI()*O32),COMPLEX(wz_ea,0))) -> 1+0.130098151944221i | AN32: =IMABS(AM32) -> 1.0084273 | AO32: =IMARGUMENT(AM32) -> 0.12937152 | AP32: =IMPRODUCT(AF32,IMDIV(AM32,IMPRODUCT(AG32,AJ32))) -> -9.96003410250969+77.0872492859791i | AQ32: =20*LOG(IMABS(AP32)) -> 37.811553 | AR32: =(180/PI())*IMARGUMENT(AP32) -> 97.362097 | AS32: =IMPRODUCT(AC32,AP32) -> 2455.33747153328+5109.20603832076i | AT32: =20*LOG(IMABS(AS32)) -> 75.069468 | AU32: =(180/PI())*IMARGUMENT(AS32) -> 64.332399 | AX32: =SUM((AT33<0)*(AT32>0))*O32 -> 0 | AY32: =IF(AX32>0,AU32,0) -> 0
N33: 15 | O33: =10^(1+(N33/100)) -> 14.125375 | P33: =COMPLEX(Adc,0) -> 87 | Q33: =IMSUM(COMPLEX(1,0),IMDIV(COMPLEX(0,2*PI()*O33),COMPLEX(wp_lf,0))) -> 1+0.665642635965993i | R33: =IMABS(Q33) -> 1.2012827 | S33: =IMARGUMENT(Q33) -> 0.58729332 | T33: =IMSUM(COMPLEX(1,0),IMDIV(COMPLEX(0,2*PI()*O33),COMPLEX(wz_esr,0))) -> 1+0.000443761757310661i | U33: =IMABS(T33) -> 1.0000001 | V33: =IMARGUMENT(T33) -> 0.00044376173 | W33: =IMSUB(COMPLEX(1,0),IMDIV(COMPLEX(0,2*PI()*O33),COMPLEX(wz_rhp,0))) -> 1-0.0000628662489523438i | X33: =IMABS(W33) -> 1 | Y33: =IMARGUMENT(W33) -> -6.2866249e-05 | Z33: =IF(Dc_Mode_Loop="CCM",IMSUM(COMPLEX(1,0),IMDIV(COMPLEX(0,2*PI()*O33),COMPLEX(Q*(wsl/2),0)),IMDIV(IMPOWER(COMPLEX(0,2*PI()*O33),2),IMPOWER(COMPLEX(wsl/2,0),2))),COMPLEX(1,0)) -> 0.999999998581147+0.000132063498975653i | AA33: =IMABS(Z33) -> 1 | AB33: =IMARGUMENT(Z33) -> 0.0001320635 | AC33: =(IMDIV(IMPRODUCT(P33,T33,W33),IMPRODUCT(Q33,Z33))) -> 60.2977023676146-40.1150731625393i | AD33: =20*LOG(IMABS(AC33)) -> 37.197481 | AE33: =(180/PI())*IMARGUMENT(AC33) -> -33.635172 | AF33: =COMPLEX(Adc_ea,0) -> -0.0000673063927557778 | AG33: =COMPLEX(0,2*PI()*O33*wp0_ea) -> 8.93558674520747E-07i | AH33: =IMABS(AG33) -> 8.9355867e-07 | AI33: =IMARGUMENT(AG33) -> 1.5707963 | AJ33: =IMSUM(COMPLEX(1,0),IMDIV(COMPLEX(0,2*PI()*O33),COMPLEX(wp1_ea,0))) -> 1+0.000899159698960815i | AK33: =IMABS(AJ33) -> 1.0000004 | AL33: =IMARGUMENT(AJ33) -> 0.00089915946 | AM33: =IMSUM(COMPLEX(1,0),IMDIV(COMPLEX(0,2*PI()*O33),COMPLEX(wz_ea,0))) -> 1+0.133128527193198i | AN33: =IMABS(AM33) -> 1.0088227 | AO33: =IMARGUMENT(AM33) -> 0.1323503 | AP33: =IMPRODUCT(AF33,IMDIV(AM33,IMPRODUCT(AG33,AJ33))) -> -9.96003374008469+75.3329323341858i | AQ33: =20*LOG(IMABS(AP33)) -> 37.614958 | AR33: =(180/PI())*IMARGUMENT(AP33) -> 97.531595 | AS33: =IMPRODUCT(AC33,AP33) -> 2421.41894210346+4941.95021455124i | AT33: =20*LOG(IMABS(AS33)) -> 74.812439 | AU33: =(180/PI())*IMARGUMENT(AS33) -> 63.896424 | AX33: =SUM((AT34<0)*(AT33>0))*O33 -> 0 | AY33: =IF(AX33>0,AU33,0) -> 0
N34: 16 | O34: =10^(1+(N34/100)) -> 14.454398 | P34: =COMPLEX(Adc,0) -> 87 | Q34: =IMSUM(COMPLEX(1,0),IMDIV(COMPLEX(0,2*PI()*O34),COMPLEX(wp_lf,0))) -> 1+0.68114744474729i | R34: =IMABS(Q34) -> 1.2099429 | S34: =IMARGUMENT(Q34) -> 0.59796087 | T34: =IMSUM(COMPLEX(1,0),IMDIV(COMPLEX(0,2*PI()*O34),COMPLEX(wz_esr,0))) -> 1+0.000454098296498192i | U34: =IMABS(T34) -> 1.0000001 | V34: =IMARGUMENT(T34) -> 0.00045409827 | W34: =IMSUB(COMPLEX(1,0),IMDIV(COMPLEX(0,2*PI()*O34),COMPLEX(wz_rhp,0))) -> 1-0.0000643305920039107i | X34: =IMABS(W34) -> 1 | Y34: =IMARGUMENT(W34) -> -6.4330592e-05 | Z34: =IF(Dc_Mode_Loop="CCM",IMSUM(COMPLEX(1,0),IMDIV(COMPLEX(0,2*PI()*O34),COMPLEX(Q*(wsl/2),0)),IMDIV(IMPOWER(COMPLEX(0,2*PI()*O34),2),IMPOWER(COMPLEX(wsl/2,0),2))),COMPLEX(1,0)) -> 0.999999998514278+0.000135139653037862i | AA34: =IMABS(Z34) -> 1 | AB34: =IMARGUMENT(Z34) -> 0.00013513965 | AC34: =(IMDIV(IMPRODUCT(P34,T34,W34),IMPRODUCT(Q34,Z34))) -> 59.4380894450657-40.4639501064233i | AD34: =20*LOG(IMABS(AC34)) -> 37.135088 | AE34: =(180/PI())*IMARGUMENT(AC34) -> -34.246045 | AF34: =COMPLEX(Adc_ea,0) -> -0.0000673063927557778 | AG34: =COMPLEX(0,2*PI()*O34*wp0_ea) -> 9.1437232982876E-07i | AH34: =IMABS(AG34) -> 9.1437233e-07 | AI34: =IMARGUMENT(AG34) -> 1.5707963 | AJ34: =IMSUM(COMPLEX(1,0),IMDIV(COMPLEX(0,2*PI()*O34),COMPLEX(wp1_ea,0))) -> 1+0.000920103818887874i | AK34: =IMABS(AJ34) -> 1.0000004 | AL34: =IMARGUMENT(AJ34) -> 0.00092010356 | AM34: =IMSUM(COMPLEX(1,0),IMDIV(COMPLEX(0,2*PI()*O34),COMPLEX(wz_ea,0))) -> 1+0.136229488949458i | AN34: =IMABS(AM34) -> 1.0092366 | AO34: =IMARGUMENT(AM34) -> 0.13539601 | AP34: =IMPRODUCT(AF34,IMDIV(AM34,IMPRODUCT(AG34,AJ34))) -> -9.96003336057914+73.6185579002351i | AQ34: =20*LOG(IMABS(AP34)) -> 37.418521 | AR34: =(180/PI())*IMARGUMENT(AP34) -> 97.704902 | AS34: =IMPRODUCT(AC34,AP34) -> 2386.89230002001+4778.76872225171i | AT34: =20*LOG(IMABS(AS34)) -> 74.553609 | AU34: =(180/PI())*IMARGUMENT(AS34) -> 63.458857 | AX34: =SUM((AT35<0)*(AT34>0))*O34 -> 0 | AY34: =IF(AX34>0,AU34,0) -> 0
A35: ADC | B35: =IF(Dc_Mode_Loop="CCM",(Gcomp*(VIN_var/VOUT)*(VOUT/IOUT))/(2*R_cs*Acs),K35*K37) -> 87 | C35: V/V | E35: DC gain of the plant function | J35: Fn | K35: =Fsw/((1+B45/B46)*B46) -> 10.519802 | N35: 17 | O35: =10^(1+(N35/100)) -> 14.791084 | P35: =COMPLEX(Adc,0) -> 87 | Q35: =IMSUM(COMPLEX(1,0),IMDIV(COMPLEX(0,2*PI()*O35),COMPLEX(wp_lf,0))) -> 1+0.697013406919844i | R35: =IMABS(Q35) -> 1.2189453 | S35: =IMARGUMENT(Q35) -> 0.60871873 | T35: =IMSUM(COMPLEX(1,0),IMDIV(COMPLEX(0,2*PI()*O35),COMPLEX(wz_esr,0))) -> 1+0.000464675604613228i | U35: =IMABS(T35) -> 1.0000001 | V35: =IMARGUMENT(T35) -> 0.00046467557 | W35: =IMSUB(COMPLEX(1,0),IMDIV(COMPLEX(0,2*PI()*O35),COMPLEX(wz_rhp,0))) -> 1-0.0000658290439868741i | X35: =IMABS(W35) -> 1 | Y35: =IMARGUMENT(W35) -> -6.5829044e-05 | Z35: =IF(Dc_Mode_Loop="CCM",IMSUM(COMPLEX(1,0),IMDIV(COMPLEX(0,2*PI()*O35),COMPLEX(Q*(wsl/2),0)),IMDIV(IMPOWER(COMPLEX(0,2*PI()*O35),2),IMPOWER(COMPLEX(wsl/2,0),2))),COMPLEX(1,0)) -> 0.999999998444258+0.000138287459932897i | AA35: =IMABS(Z35) -> 1 | AB35: =IMARGUMENT(Z35) -> 0.00013828746 | AC35: =(IMDIV(IMPRODUCT(P35,T35,W35),IMPRODUCT(Q35,Z35))) -> 58.5638610030791-40.797127639161i | AD35: =20*LOG(IMABS(AC35)) -> 37.070701 | AE35: =(180/PI())*IMARGUMENT(AC35) -> -34.862085 | AF35: =COMPLEX(Adc_ea,0) -> -0.0000673063927557778 | AG35: =COMPLEX(0,2*PI()*O35*wp0_ea) -> 9.35670797449196E-07i | AH35: =IMABS(AG35) -> 9.356708e-07 | AI35: =IMARGUMENT(AG35) -> 1.5707963 | AJ35: =IMSUM(COMPLEX(1,0),IMDIV(COMPLEX(0,2*PI()*O35),COMPLEX(wp1_ea,0))) -> 1+0.000941535790038721i | AK35: =IMABS(AJ35) -> 1.0000004 | AL35: =IMARGUMENT(AJ35) -> 0.00094153551 | AM35: =IMSUM(COMPLEX(1,0),IMDIV(COMPLEX(0,2*PI()*O35),COMPLEX(wz_ea,0))) -> 1+0.139402681383968i | AN35: =IMABS(AM35) -> 1.0096698 | AO35: =IMARGUMENT(AM35) -> 0.13851006 | AP35: =IMPRODUCT(AF35,IMDIV(AM35,IMPRODUCT(AG35,AJ35))) -> -9.960032963188+71.9432170001071i | AQ35: =20*LOG(IMABS(AP35)) -> 37.222248 | AR35: =(180/PI())*IMARGUMENT(AP35) -> 97.882096 | AS35: =IMPRODUCT(AC35,AP35) -> 2351.778620683+4619.61329659806i | AT35: =20*LOG(IMABS(AS35)) -> 74.29295 | AU35: =(180/PI())*IMARGUMENT(AS35) -> 63.020011 | AX35: =SUM((AT36<0)*(AT35>0))*O35 -> 0 | AY35: =IF(AX35>0,AU35,0) -> 0
A36: wp_lf | B36: =IF(Dc_Mode_Loop="CCM",2/(Cout*(VOUT/IOUT)),(2*B20/B17-1)/(Cout*(VOUT/IOUT)*(B20/B17-1))) -> 133.33333 | C36: Rad | E36: Low Frequency Pole | J36: M | K36: =(1+SQRT(1+2*(Dc_DCM_VIN_nom^2)/K38))/2 -> 1.25 | N36: 18 | O36: =10^(1+(N36/100)) -> 15.135612 | P36: =COMPLEX(Adc,0) -> 87 | Q36: =IMSUM(COMPLEX(1,0),IMDIV(COMPLEX(0,2*PI()*O36),COMPLEX(wp_lf,0))) -> 1+0.71324893482681i | R36: =IMABS(Q36) -> 1.2283013 | S36: =IMARGUMENT(Q36) -> 0.61956263 | T36: =IMSUM(COMPLEX(1,0),IMDIV(COMPLEX(0,2*PI()*O36),COMPLEX(wz_esr,0))) -> 1+0.000475499289884539i | U36: =IMABS(T36) -> 1.0000001 | V36: =IMARGUMENT(T36) -> 0.00047549925 | W36: =IMSUB(COMPLEX(1,0),IMDIV(COMPLEX(0,2*PI()*O36),COMPLEX(wz_rhp,0))) -> 1-0.0000673623994003098i | X36: =IMABS(W36) -> 1 | Y36: =IMARGUMENT(W36) -> -6.7362399e-05 | Z36: =IF(Dc_Mode_Loop="CCM",IMSUM(COMPLEX(1,0),IMDIV(COMPLEX(0,2*PI()*O36),COMPLEX(Q*(wsl/2),0)),IMDIV(IMPOWER(COMPLEX(0,2*PI()*O36),2),IMPOWER(COMPLEX(wsl/2,0),2))),COMPLEX(1,0)) -> 0.999999998370939+0.000141508588669639i | AA36: =IMABS(Z36) -> 1 | AB36: =IMARGUMENT(Z36) -> 0.00014150859 | AC36: =(IMDIV(IMPRODUCT(P36,T36,W36),IMPRODUCT(Q36,Z36))) -> 57.6755912434002-41.113857358445i | AD36: =20*LOG(IMABS(AC36)) -> 37.004288 | AE36: =(180/PI())*IMARGUMENT(AC36) -> -35.483047 | AF36: =COMPLEX(Adc_ea,0) -> -0.0000673063927557778 | AG36: =COMPLEX(0,2*PI()*O36*wp0_ea) -> 9.57465370111507E-07i | AH36: =IMABS(AG36) -> 9.5746537e-07 | AI36: =IMARGUMENT(AG36) -> 1.5707963 | AJ36: =IMSUM(COMPLEX(1,0),IMDIV(COMPLEX(0,2*PI()*O36),COMPLEX(wp1_ea,0))) -> 1+0.000963466975928148i | AK36: =IMABS(AJ36) -> 1.0000005 | AL36: =IMARGUMENT(AJ36) -> 0.00096346668 | AM36: =IMSUM(COMPLEX(1,0),IMDIV(COMPLEX(0,2*PI()*O36),COMPLEX(wz_ea,0))) -> 1+0.142649786965362i | AN36: =IMABS(AM36) -> 1.0101232 | AO36: =IMARGUMENT(AM36) -> 0.14169384 | AP36: =IMPRODUCT(AF36,IMDIV(AM36,IMPRODUCT(AG36,AJ36))) -> -9.96003254706851+70.3060213458778i | AQ36: =20*LOG(IMABS(AP36)) -> 37.026148 | AR36: =(180/PI())*IMARGUMENT(AP36) -> 98.063256 | AS36: =IMPRODUCT(AC36,AP36) -> 2316.10096709852+4464.43670652026i | AT36: =20*LOG(IMABS(AS36)) -> 74.030436 | AU36: =(180/PI())*IMARGUMENT(AS36) -> 62.580209 | AX36: =SUM((AT37<0)*(AT36>0))*O36 -> 0 | AY36: =IF(AX36>0,AU36,0) -> 0
B37: =wp_lf/(2*PI()) -> 21.220659 | C37: Hz | J37: Hd | K37: =2*VOUT/Dc_DCM_VIN_nom*(K36-1)/(2*K36-1) -> 21.693046 | N37: 19 | O37: =10^(1+(N37/100)) -> 15.488166 | P37: =COMPLEX(Adc,0) -> 87 | Q37: =IMSUM(COMPLEX(1,0),IMDIV(COMPLEX(0,2*PI()*O37),COMPLEX(wp_lf,0))) -> 1+0.729862636759987i | R37: =IMABS(Q37) -> 1.2380224 | S37: =IMARGUMENT(Q37) -> 0.63048814 | T37: =IMSUM(COMPLEX(1,0),IMDIV(COMPLEX(0,2*PI()*O37),COMPLEX(wz_esr,0))) -> 1+0.000486575091173324i | U37: =IMABS(T37) -> 1.0000001 | V37: =IMARGUMENT(T37) -> 0.00048657505 | W37: =IMSUB(COMPLEX(1,0),IMDIV(COMPLEX(0,2*PI()*O37),COMPLEX(wz_rhp,0))) -> 1-0.0000689314712495543i | X37: =IMABS(W37) -> 1 | Y37: =IMARGUMENT(W37) -> -6.8931471e-05 | Z37: =IF(Dc_Mode_Loop="CCM",IMSUM(COMPLEX(1,0),IMDIV(COMPLEX(0,2*PI()*O37),COMPLEX(Q*(wsl/2),0)),IMDIV(IMPOWER(COMPLEX(0,2*PI()*O37),2),IMPOWER(COMPLEX(wsl/2,0),2))),COMPLEX(1,0)) -> 0.999999998294163+0.000144804747133181i | AA37: =IMABS(Z37) -> 1 | AB37: =IMARGUMENT(Z37) -> 0.00014480475 | AC37: =(IMDIV(IMPRODUCT(P37,T37,W37),IMPRODUCT(Q37,Z37))) -> 56.7739031854685-41.4134136970707i | AD37: =20*LOG(IMABS(AC37)) -> 36.935816 | AE37: =(180/PI())*IMARGUMENT(AC37) -> -36.108677 | AF37: =COMPLEX(Adc_ea,0) -> -0.0000673063927557778 | AG37: =COMPLEX(0,2*PI()*O37*wp0_ea) -> 9.79767603586604E-07i | AH37: =IMABS(AG37) -> 9.797676e-07 | AI37: =IMARGUMENT(AG37) -> 1.5707963 | AJ37: =IMSUM(COMPLEX(1,0),IMDIV(COMPLEX(0,2*PI()*O37),COMPLEX(wp1_ea,0))) -> 1+0.000985909004761203i | AK37: =IMABS(AJ37) -> 1.0000005 | AL37: =IMARGUMENT(AJ37) -> 0.00098590869 | AM37: =IMSUM(COMPLEX(1,0),IMDIV(COMPLEX(0,2*PI()*O37),COMPLEX(wz_ea,0))) -> 1+0.145972527351997i | AN37: =IMABS(AM37) -> 1.0105978 | AO37: =IMARGUMENT(AM37) -> 0.14494879 | AP37: =IMPRODUCT(AF37,IMDIV(AM37,IMPRODUCT(AG37,AJ37))) -> -9.9600321113379+68.7061028747387i | AQ37: =20*LOG(IMABS(AP37)) -> 36.830228 | AR37: =(180/PI())*IMARGUMENT(AP37) -> 98.248466 | AS37: =IMPRODUCT(AC37,AP37) -> 2279.8843630518+4313.1925631242i | AT37: =20*LOG(IMABS(AS37)) -> 73.766044 | AU37: =(180/PI())*IMARGUMENT(AS37) -> 62.139789 | AX37: =SUM((AT38<0)*(AT37>0))*O37 -> 0 | AY37: =IF(AX37>0,AU37,0) -> 0
C38: dB | E38: Gain of open loop at wp_Lf | J38: tauL | K38: =(Lm*Fsw/(VOUT/IOUT)) -> 0.34 | N38: 20 | O38: =10^(1+(N38/100)) -> 15.848932 | P38: =COMPLEX(Adc,0) -> 87 | Q38: =IMSUM(COMPLEX(1,0),IMDIV(COMPLEX(0,2*PI()*O38),COMPLEX(wp_lf,0))) -> 1+0.746863321524048i | R38: =IMABS(Q38) -> 1.2481205 | S38: =IMARGUMENT(Q38) -> 0.64149061 | T38: =IMSUM(COMPLEX(1,0),IMDIV(COMPLEX(0,2*PI()*O38),COMPLEX(wz_esr,0))) -> 1+0.000497908881016031i | U38: =IMABS(T38) -> 1.0000001 | V38: =IMARGUMENT(T38) -> 0.00049790884 | W38: =IMSUB(COMPLEX(1,0),IMDIV(COMPLEX(0,2*PI()*O38),COMPLEX(wz_rhp,0))) -> 1-0.0000705370914772712i | X38: =IMABS(W38) -> 1 | Y38: =IMARGUMENT(W38) -> -7.0537091e-05 | Z38: =IF(Dc_Mode_Loop="CCM",IMSUM(COMPLEX(1,0),IMDIV(COMPLEX(0,2*PI()*O38),COMPLEX(Q*(wsl/2),0)),IMDIV(IMPOWER(COMPLEX(0,2*PI()*O38),2),IMPOWER(COMPLEX(wsl/2,0),2))),COMPLEX(1,0)) -> 0.99999999821377+0.000148177682990371i | AA38: =IMABS(Z38) -> 1 | AB38: =IMARGUMENT(Z38) -> 0.00014817768 | AC38: =(IMDIV(IMPRODUCT(P38,T38,W38),IMPRODUCT(Q38,Z38))) -> 55.8594676689587-41.6950976754997i | AD38: =20*LOG(IMABS(AC38)) -> 36.865256 | AE38: =(180/PI())*IMARGUMENT(AC38) -> -36.738708 | AF38: =COMPLEX(Adc_ea,0) -> -0.0000673063927557778 | AG38: =COMPLEX(0,2*PI()*O38*wp0_ea) -> 1.00258932281388E-06i | AH38: =IMABS(AG38) -> 1.0025893e-06 | AI38: =IMARGUMENT(AG38) -> 1.5707963 | AJ38: =IMSUM(COMPLEX(1,0),IMDIV(COMPLEX(0,2*PI()*O38),COMPLEX(wp1_ea,0))) -> 1+0.00100887377559863i | AK38: =IMABS(AJ38) -> 1.0000005 | AL38: =IMARGUMENT(AJ38) -> 0.0010088734 | AM38: =IMSUM(COMPLEX(1,0),IMDIV(COMPLEX(0,2*PI()*O38),COMPLEX(wz_ea,0))) -> 1+0.149372664304809i | AN38: =IMABS(AM38) -> 1.0110946 | AO38: =IMARGUMENT(AM38) -> 0.14827636 | AP38: =IMPRODUCT(AF38,IMDIV(AM38,IMPRODUCT(AG38,AJ38))) -> -9.96003165507197+67.1426132887362i | AQ38: =20*LOG(IMABS(AP38)) -> 36.634496 | AR38: =(180/PI())*IMARGUMENT(AP38) -> 98.437805 | AS38: =IMPRODUCT(AC38,AP38) -> 2243.15575304386+4165.83512892085i | AT38: =20*LOG(IMABS(AS38)) -> 73.499751 | AU38: =(180/PI())*IMARGUMENT(AS38) -> 61.699098 | AX38: =SUM((AT39<0)*(AT38>0))*O38 -> 0 | AY38: =IF(AX38>0,AU38,0) -> 0
A39: wz_rhp | B39: =((VOUT/IOUT)*((VIN_var/VOUT)^2))/(Lm) -> 1411764.7 | C39: Rad | E39: RHPz zero of boost converter | N39: 21 | O39: =10^(1+(N39/100)) -> 16.218101 | P39: =COMPLEX(Adc,0) -> 87 | Q39: =IMSUM(COMPLEX(1,0),IMDIV(COMPLEX(0,2*PI()*O39),COMPLEX(wp_lf,0))) -> 1+0.764260003107084i | R39: =IMABS(Q39) -> 1.2586077 | S39: =IMARGUMENT(Q39) -> 0.65256522 | T39: =IMSUM(COMPLEX(1,0),IMDIV(COMPLEX(0,2*PI()*O39),COMPLEX(wz_esr,0))) -> 1+0.000509506668738055i | U39: =IMABS(T39) -> 1.0000001 | V39: =IMARGUMENT(T39) -> 0.00050950662 | W39: =IMSUB(COMPLEX(1,0),IMDIV(COMPLEX(0,2*PI()*O39),COMPLEX(wz_rhp,0))) -> 1-0.0000721801114045579i | X39: =IMABS(W39) -> 1 | Y39: =IMARGUMENT(W39) -> -7.2180111e-05 | Z39: =IF(Dc_Mode_Loop="CCM",IMSUM(COMPLEX(1,0),IMDIV(COMPLEX(0,2*PI()*O39),COMPLEX(Q*(wsl/2),0)),IMDIV(IMPOWER(COMPLEX(0,2*PI()*O39),2),IMPOWER(COMPLEX(wsl/2,0),2))),COMPLEX(1,0)) -> 0.999999998129587+0.000151629184616445i | AA39: =IMABS(Z39) -> 1 | AB39: =IMARGUMENT(Z39) -> 0.00015162918 | AC39: =(IMDIV(IMPRODUCT(P39,T39,W39),IMPRODUCT(Q39,Z39))) -> 54.9330020208622-41.958240624754i | AD39: =20*LOG(IMABS(AC39)) -> 36.792578 | AE39: =(180/PI())*IMARGUMENT(AC39) -> -37.372864 | AF39: =COMPLEX(Adc_ea,0) -> -0.0000673063927557778 | AG39: =COMPLEX(0,2*PI()*O39*wp0_ea) -> 1.02594262817095E-06i | AH39: =IMABS(AG39) -> 1.0259426e-06 | AI39: =IMARGUMENT(AG39) -> 1.5707963 | AJ39: =IMSUM(COMPLEX(1,0),IMDIV(COMPLEX(0,2*PI()*O39),COMPLEX(wp1_ea,0))) -> 1+0.0010323734646659i | AK39: =IMABS(AJ39) -> 1.0000005 | AL39: =IMARGUMENT(AJ39) -> 0.0010323731 | AM39: =IMSUM(COMPLEX(1,0),IMDIV(COMPLEX(0,2*PI()*O39),COMPLEX(wz_ea,0))) -> 1+0.152852000621416i | AN39: =IMABS(AM39) -> 1.0116144 | AO39: =IMARGUMENT(AM39) -> 0.15167802 | AP39: =IMPRODUCT(AF39,IMDIV(AM39,IMPRODUCT(AG39,AJ39))) -> -9.96003117730292+65.6147236049935i | AQ39: =20*LOG(IMABS(AP39)) -> 36.43896 | AR39: =(180/PI())*IMARGUMENT(AP39) -> 98.63136 | AS39: =IMPRODUCT(AC39,AP39) -> 2205.94394875441+4022.31912915875i | AT39: =20*LOG(IMABS(AS39)) -> 73.231539 | AU39: =(180/PI())*IMARGUMENT(AS39) -> 61.258496 | AX39: =SUM((AT40<0)*(AT39>0))*O39 -> 0 | AY39: =IF(AX39>0,AU39,0) -> 0
B40: =wz_rhp/(2*PI()) -> 224689.33 | C40: Hz | N40: 22 | O40: =10^(1+(N40/100)) -> 16.595869 | P40: =COMPLEX(Adc,0) -> 87 | Q40: =IMSUM(COMPLEX(1,0),IMDIV(COMPLEX(0,2*PI()*O40),COMPLEX(wp_lf,0))) -> 1+0.782061905459949i | R40: =IMABS(Q40) -> 1.2694963 | S40: =IMARGUMENT(Q40) -> 0.66370697 | T40: =IMSUM(COMPLEX(1,0),IMDIV(COMPLEX(0,2*PI()*O40),COMPLEX(wz_esr,0))) -> 1+0.000521374603639965i | U40: =IMABS(T40) -> 1.0000001 | V40: =IMARGUMENT(T40) -> 0.00052137456 | W40: =IMSUB(COMPLEX(1,0),IMDIV(COMPLEX(0,2*PI()*O40),COMPLEX(wz_rhp,0))) -> 1-0.0000738614021823285i | X40: =IMABS(W40) -> 1 | Y40: =IMARGUMENT(W40) -> -7.3861402e-05 | Z40: =IF(Dc_Mode_Loop="CCM",IMSUM(COMPLEX(1,0),IMDIV(COMPLEX(0,2*PI()*O40),COMPLEX(Q*(wsl/2),0)),IMDIV(IMPOWER(COMPLEX(0,2*PI()*O40),2),IMPOWER(COMPLEX(wsl/2,0),2))),COMPLEX(1,0)) -> 0.999999998041437+0.000155161082043254i | AA40: =IMABS(Z40) -> 1 | AB40: =IMARGUMENT(Z40) -> 0.00015516108 | AC40: =(IMDIV(IMPRODUCT(P40,T40,W40),IMPRODUCT(Q40,Z40))) -> 53.9952683848431-42.2022078455915i | AD40: =20*LOG(IMABS(AC40)) -> 36.717757 | AE40: =(180/PI())*IMARGUMENT(AC40) -> -38.010858 | AF40: =COMPLEX(Adc_ea,0) -> -0.0000673063927557778 | AG40: =COMPLEX(0,2*PI()*O40*wp0_ea) -> 1.04983990188943E-06i | AH40: =IMABS(AG40) -> 1.0498399e-06 | AI40: =IMARGUMENT(AG40) -> 1.5707963 | AJ40: =IMSUM(COMPLEX(1,0),IMDIV(COMPLEX(0,2*PI()*O40),COMPLEX(wp1_ea,0))) -> 1+0.00105642053180923i | AK40: =IMABS(AJ40) -> 1.0000006 | AL40: =IMARGUMENT(AJ40) -> 0.0010564201 | AM40: =IMSUM(COMPLEX(1,0),IMDIV(COMPLEX(0,2*PI()*O40),COMPLEX(wz_ea,0))) -> 1+0.156412381091989i | AN40: =IMABS(AM40) -> 1.0121585 | AO40: =IMARGUMENT(AM40) -> 0.15515525 | AP40: =IMPRODUCT(AF40,IMDIV(AM40,IMPRODUCT(AG40,AJ40))) -> -9.9600306770174+64.1216237161734i | AQ40: =20*LOG(IMABS(AP40)) -> 36.243631 | AR40: =(180/PI())*IMARGUMENT(AP40) -> 98.829213 | AS40: =IMPRODUCT(AC40,AP40) -> 2168.27956193993+3882.59956660666i | AT40: =20*LOG(IMABS(AS40)) -> 72.961388 | AU40: =(180/PI())*IMARGUMENT(AS40) -> 60.818355 | AX40: =SUM((AT41<0)*(AT40>0))*O40 -> 0 | AY40: =IF(AX40>0,AU40,0) -> 0
N41: 23 | O41: =10^(1+(N41/100)) -> 16.982437 | P41: =COMPLEX(Adc,0) -> 87 | Q41: =IMSUM(COMPLEX(1,0),IMDIV(COMPLEX(0,2*PI()*O41),COMPLEX(wp_lf,0))) -> 1+0.800278467386897i | R41: =IMABS(Q41) -> 1.2807988 | S41: =IMARGUMENT(Q41) -> 0.67491072 | T41: =IMSUM(COMPLEX(1,0),IMDIV(COMPLEX(0,2*PI()*O41),COMPLEX(wz_esr,0))) -> 1+0.00053351897825793i | U41: =IMABS(T41) -> 1.0000001 | V41: =IMARGUMENT(T41) -> 0.00053351893 | W41: =IMSUB(COMPLEX(1,0),IMDIV(COMPLEX(0,2*PI()*O41),COMPLEX(wz_rhp,0))) -> 1-0.0000755818552532069i | X41: =IMABS(W41) -> 1 | Y41: =IMARGUMENT(W41) -> -7.5581855e-05 | Z41: =IF(Dc_Mode_Loop="CCM",IMSUM(COMPLEX(1,0),IMDIV(COMPLEX(0,2*PI()*O41),COMPLEX(Q*(wsl/2),0)),IMDIV(IMPOWER(COMPLEX(0,2*PI()*O41),2),IMPOWER(COMPLEX(wsl/2,0),2))),COMPLEX(1,0)) -> 0.999999997949133+0.00015877524792956i | AA41: =IMABS(Z41) -> 1 | AB41: =IMARGUMENT(Z41) -> 0.00015877525 | AC41: =(IMDIV(IMPRODUCT(P41,T41,W41),IMPRODUCT(Q41,Z41))) -> 53.0470717144839-42.4264021690866i | AD41: =20*LOG(IMABS(AC41)) -> 36.640768 | AE41: =(180/PI())*IMARGUMENT(AC41) -> -38.652395 | AF41: =COMPLEX(Adc_ea,0) -> -0.0000673063927557778 | AG41: =COMPLEX(0,2*PI()*O41*wp0_ea) -> 1.07429381462017E-06i | AH41: =IMABS(AG41) -> 1.0742938e-06 | AI41: =IMARGUMENT(AG41) -> 1.5707963 | AJ41: =IMSUM(COMPLEX(1,0),IMDIV(COMPLEX(0,2*PI()*O41),COMPLEX(wp1_ea,0))) -> 1+0.00108102772710188i | AK41: =IMABS(AJ41) -> 1.0000006 | AL41: =IMARGUMENT(AJ41) -> 0.0010810273 | AM41: =IMSUM(COMPLEX(1,0),IMDIV(COMPLEX(0,2*PI()*O41),COMPLEX(wz_ea,0))) -> 1+0.160055693477379i | AN41: =IMABS(AM41) -> 1.0127279 | AO41: =IMARGUMENT(AM41) -> 0.15870957 | AP41: =IMPRODUCT(AF41,IMDIV(AM41,IMPRODUCT(AG41,AJ41))) -> -9.96003015315418+62.6625219609475i | AQ41: =20*LOG(IMABS(AP41)) -> 36.048515 | AR41: =(180/PI())*IMARGUMENT(AP41) -> 99.03145 | AS41: =IMPRODUCT(AC41,AP41) -> 2130.19492383159+3746.63154116675i | AT41: =20*LOG(IMABS(AS41)) -> 72.689283 | AU41: =(180/PI())*IMARGUMENT(AS41) -> 60.379055 | AX41: =SUM((AT42<0)*(AT41>0))*O41 -> 0 | AY41: =IF(AX41>0,AU41,0) -> 0
A42: wz_esr | B42: =1/(Cout*Resr) -> 200000 | C42: Rad | E42: ESR zero cause by output capacitance | N42: 24 | O42: =10^(1+(N42/100)) -> 17.378008 | P42: =COMPLEX(Adc,0) -> 87 | Q42: =IMSUM(COMPLEX(1,0),IMDIV(COMPLEX(0,2*PI()*O42),COMPLEX(wp_lf,0))) -> 1+0.818919347550197i | R42: =IMABS(Q42) -> 1.2925281 | S42: =IMARGUMENT(Q42) -> 0.68617114 | T42: =IMSUM(COMPLEX(1,0),IMDIV(COMPLEX(0,2*PI()*O42),COMPLEX(wz_esr,0))) -> 1+0.00054594623170013i | U42: =IMABS(T42) -> 1.0000001 | V42: =IMARGUMENT(T42) -> 0.00054594618 | W42: =IMSUB(COMPLEX(1,0),IMDIV(COMPLEX(0,2*PI()*O42),COMPLEX(wz_rhp,0))) -> 1-0.0000773423828241852i | X42: =IMABS(W42) -> 1 | Y42: =IMARGUMENT(W42) -> -7.7342383e-05 | Z42: =IF(Dc_Mode_Loop="CCM",IMSUM(COMPLEX(1,0),IMDIV(COMPLEX(0,2*PI()*O42),COMPLEX(Q*(wsl/2),0)),IMDIV(IMPOWER(COMPLEX(0,2*PI()*O42),2),IMPOWER(COMPLEX(wsl/2,0),2))),COMPLEX(1,0)) -> 0.999999997852479+0.000162473598553959i | AA42: =IMABS(Z42) -> 1 | AB42: =IMARGUMENT(Z42) -> 0.0001624736 | AC42: =(IMDIV(IMPRODUCT(P42,T42,W42),IMPRODUCT(Q42,Z42))) -> 52.0892574360797-42.6302673834237i | AD42: =20*LOG(IMABS(AC42)) -> 36.561586 | AE42: =(180/PI())*IMARGUMENT(AC42) -> -39.29717 | AF42: =COMPLEX(Adc_ea,0) -> -0.0000673063927557778 | AG42: =COMPLEX(0,2*PI()*O42*wp0_ea) -> 1.09931733215138E-06i | AH42: =IMABS(AG42) -> 1.0993173e-06 | AI42: =IMARGUMENT(AG42) -> 1.5707963 | AJ42: =IMSUM(COMPLEX(1,0),IMDIV(COMPLEX(0,2*PI()*O42),COMPLEX(wp1_ea,0))) -> 1+0.00110620809760455i | AK42: =IMABS(AJ42) -> 1.0000006 | AL42: =IMARGUMENT(AJ42) -> 0.0011062076 | AM42: =IMSUM(COMPLEX(1,0),IMDIV(COMPLEX(0,2*PI()*O42),COMPLEX(wz_ea,0))) -> 1+0.163783869510039i | AN42: =IMABS(AM42) -> 1.0133238 | AO42: =IMARGUMENT(AM42) -> 0.16234249 | AP42: =IMPRODUCT(AF42,IMDIV(AM42,IMPRODUCT(AG42,AJ42))) -> -9.96002960460216+61.2366447042485i | AQ42: =20*LOG(IMABS(AP42)) -> 35.853624 | AR42: =(180/PI())*IMARGUMENT(AP42) -> 99.238158 | AS42: =IMPRODUCT(AC42,AP42) -> 2091.72399126073+3614.37007571235i | AT42: =20*LOG(IMABS(AS42)) -> 72.415211 | AU42: =(180/PI())*IMARGUMENT(AS42) -> 59.940988 | AX42: =SUM((AT43<0)*(AT42>0))*O42 -> 0 | AY42: =IF(AX42>0,AU42,0) -> 0
B43: =wz_esr/(2*PI()) -> 31830.989 | C43: Hz | N43: 25 | O43: =10^(1+(N43/100)) -> 17.782794 | P43: =COMPLEX(Adc,0) -> 87 | Q43: =IMSUM(COMPLEX(1,0),IMDIV(COMPLEX(0,2*PI()*O43),COMPLEX(wp_lf,0))) -> 1+0.83799442959124i | R43: =IMABS(Q43) -> 1.3046972 | S43: =IMARGUMENT(Q43) -> 0.69748279 | T43: =IMSUM(COMPLEX(1,0),IMDIV(COMPLEX(0,2*PI()*O43),COMPLEX(wz_esr,0))) -> 1+0.000558662953060825i | U43: =IMABS(T43) -> 1.0000002 | V43: =IMARGUMENT(T43) -> 0.00055866289 | W43: =IMSUB(COMPLEX(1,0),IMDIV(COMPLEX(0,2*PI()*O43),COMPLEX(wz_rhp,0))) -> 1-0.0000791439183502837i | X43: =IMABS(W43) -> 1 | Y43: =IMARGUMENT(W43) -> -7.9143918e-05 | Z43: =IF(Dc_Mode_Loop="CCM",IMSUM(COMPLEX(1,0),IMDIV(COMPLEX(0,2*PI()*O43),COMPLEX(Q*(wsl/2),0)),IMDIV(IMPOWER(COMPLEX(0,2*PI()*O43),2),IMPOWER(COMPLEX(wsl/2,0),2))),COMPLEX(1,0)) -> 0.999999997751269+0.000166258094830902i | AA43: =IMABS(Z43) -> 1 | AB43: =IMARGUMENT(Z43) -> 0.00016625809 | AC43: =(IMDIV(IMPRODUCT(P43,T43,W43),IMPRODUCT(Q43,Z43))) -> 51.122708790797-42.8132914918977i | AD43: =20*LOG(IMABS(AC43)) -> 36.480192 | AE43: =(180/PI())*IMARGUMENT(AC43) -> -39.944872 | AF43: =COMPLEX(Adc_ea,0) -> -0.0000673063927557778 | AG43: =COMPLEX(0,2*PI()*O43*wp0_ea) -> 1.12492372228328E-06i | AH43: =IMABS(AG43) -> 1.1249237e-06 | AI43: =IMARGUMENT(AG43) -> 1.5707963 | AJ43: =IMSUM(COMPLEX(1,0),IMDIV(COMPLEX(0,2*PI()*O43),COMPLEX(wp1_ea,0))) -> 1+0.00113197499428296i | AK43: =IMABS(AJ43) -> 1.0000006 | AL43: =IMARGUMENT(AJ43) -> 0.0011319745 | AM43: =IMSUM(COMPLEX(1,0),IMDIV(COMPLEX(0,2*PI()*O43),COMPLEX(wz_ea,0))) -> 1+0.167598885918247i | AN43: =IMABS(AM43) -> 1.0139474 | AO43: =IMARGUMENT(AM43) -> 0.16605556 | AP43: =IMPRODUCT(AF43,IMDIV(AM43,IMPRODUCT(AG43,AJ43))) -> -9.96002903019763+59.8432359270775i | AQ43: =20*LOG(IMABS(AP43)) -> 35.658968 | AR43: =(180/PI())*IMARGUMENT(AP43) -> 99.449426 | AS43: =IMPRODUCT(AC43,AP43) -> 2052.9022399057+3485.76994953656i | AT43: =20*LOG(IMABS(AS43)) -> 72.13916 | AU43: =(180/PI())*IMARGUMENT(AS43) -> 59.504554 | AX43: =SUM((AT44<0)*(AT43>0))*O43 -> 0 | AY43: =IF(AX43>0,AU43,0) -> 0
N44: 26 | O44: =10^(1+(N44/100)) -> 18.197009 | P44: =COMPLEX(Adc,0) -> 87 | Q44: =IMSUM(COMPLEX(1,0),IMDIV(COMPLEX(0,2*PI()*O44),COMPLEX(wp_lf,0))) -> 1+0.857513827371025i | R44: =IMABS(Q44) -> 1.3173192 | S44: =IMARGUMENT(Q44) -> 0.70884009 | T44: =IMSUM(COMPLEX(1,0),IMDIV(COMPLEX(0,2*PI()*O44),COMPLEX(wz_esr,0))) -> 1+0.000571675884914015i | U44: =IMABS(T44) -> 1.0000002 | V44: =IMARGUMENT(T44) -> 0.00057167582 | W44: =IMSUB(COMPLEX(1,0),IMDIV(COMPLEX(0,2*PI()*O44),COMPLEX(wz_rhp,0))) -> 1-0.0000809874170294856i | X44: =IMABS(W44) -> 1 | Y44: =IMARGUMENT(W44) -> -8.0987417e-05 | Z44: =IF(Dc_Mode_Loop="CCM",IMSUM(COMPLEX(1,0),IMDIV(COMPLEX(0,2*PI()*O44),COMPLEX(Q*(wsl/2),0)),IMDIV(IMPOWER(COMPLEX(0,2*PI()*O44),2),IMPOWER(COMPLEX(wsl/2,0),2))),COMPLEX(1,0)) -> 0.99999999764529+0.000170130743350411i | AA44: =IMABS(Z44) -> 1 | AB44: =IMARGUMENT(Z44) -> 0.00017013074 | AC44: =(IMDIV(IMPRODUCT(P44,T44,W44),IMPRODUCT(Q44,Z44))) -> 50.1483438701805-42.9750097678639i | AD44: =20*LOG(IMABS(AC44)) -> 36.396566 | AE44: =(180/PI())*IMARGUMENT(AC44) -> -40.595179 | AF44: =COMPLEX(Adc_ea,0) -> -0.0000673063927557778 | AG44: =COMPLEX(0,2*PI()*O44*wp0_ea) -> 1.15112656186286E-06i | AH44: =IMABS(AG44) -> 1.1511266e-06 | AI44: =IMARGUMENT(AG44) -> 1.5707963 | AJ44: =IMSUM(COMPLEX(1,0),IMDIV(COMPLEX(0,2*PI()*O44),COMPLEX(wp1_ea,0))) -> 1+0.0011583420790868i | AK44: =IMABS(AJ44) -> 1.0000007 | AL44: =IMARGUMENT(AJ44) -> 0.0011583416 | AM44: =IMSUM(COMPLEX(1,0),IMDIV(COMPLEX(0,2*PI()*O44),COMPLEX(wz_ea,0))) -> 1+0.171502765474204i | AN44: =IMABS(AM44) -> 1.0146 | AO44: =IMARGUMENT(AM44) -> 0.16985035 | AP44: =IMPRODUCT(AF44,IMDIV(AM44,IMPRODUCT(AG44,AJ44))) -> -9.96002842872246+58.4815568256525i | AQ44: =20*LOG(IMABS(AP44)) -> 35.464556 | AR44: =(180/PI())*IMARGUMENT(AP44) -> 99.66534 | AS44: =IMPRODUCT(AC44,AP44) -> 2013.76654522196+3360.78554076887i | AT44: =20*LOG(IMABS(AS44)) -> 71.861122 | AU44: =(180/PI())*IMARGUMENT(AS44) -> 59.070161 | AX44: =SUM((AT45<0)*(AT44>0))*O44 -> 0 | AY44: =IF(AX44>0,AU44,0) -> 0
A45: Se | B45: =(Isl*(Rsl_int+R_sl)*Fsw) -> 36000 | C45: V/V | E45: Slope compensation | N45: 27 | O45: =10^(1+(N45/100)) -> 18.620871 | P45: =COMPLEX(Adc,0) -> 87 | Q45: =IMSUM(COMPLEX(1,0),IMDIV(COMPLEX(0,2*PI()*O45),COMPLEX(wp_lf,0))) -> 1+0.877487890332617i | R45: =IMABS(Q45) -> 1.3304078 | S45: =IMARGUMENT(Q45) -> 0.72023733 | T45: =IMSUM(COMPLEX(1,0),IMDIV(COMPLEX(0,2*PI()*O45),COMPLEX(wz_esr,0))) -> 1+0.00058499192688841i | U45: =IMABS(T45) -> 1.0000002 | V45: =IMARGUMENT(T45) -> 0.00058499186 | W45: =IMSUB(COMPLEX(1,0),IMDIV(COMPLEX(0,2*PI()*O45),COMPLEX(wz_rhp,0))) -> 1-0.0000828738563091916i | X45: =IMABS(W45) -> 1 | Y45: =IMARGUMENT(W45) -> -8.2873856e-05 | Z45: =IF(Dc_Mode_Loop="CCM",IMSUM(COMPLEX(1,0),IMDIV(COMPLEX(0,2*PI()*O45),COMPLEX(Q*(wsl/2),0)),IMDIV(IMPOWER(COMPLEX(0,2*PI()*O45),2),IMPOWER(COMPLEX(wsl/2,0),2))),COMPLEX(1,0)) -> 0.999999997534316+0.000174093597441991i | AA45: =IMABS(Z45) -> 1 | AB45: =IMARGUMENT(Z45) -> 0.0001740936 | AC45: =(IMDIV(IMPRODUCT(P45,T45,W45),IMPRODUCT(Q45,Z45))) -> 49.1671123631297-43.1150075736727i | AD45: =20*LOG(IMABS(AC45)) -> 36.310691 | AE45: =(180/PI())*IMARGUMENT(AC45) -> -41.247765 | AF45: =COMPLEX(Adc_ea,0) -> -0.0000673063927557778 | AG45: =COMPLEX(0,2*PI()*O45*wp0_ea) -> 1.17793974398251E-06i | AH45: =IMABS(AG45) -> 1.1779397e-06 | AI45: =IMARGUMENT(AG45) -> 1.5707963 | AJ45: =IMSUM(COMPLEX(1,0),IMDIV(COMPLEX(0,2*PI()*O45),COMPLEX(wp1_ea,0))) -> 1+0.00118532333219344i | AK45: =IMABS(AJ45) -> 1.0000007 | AL45: =IMARGUMENT(AJ45) -> 0.0011853228 | AM45: =IMSUM(COMPLEX(1,0),IMDIV(COMPLEX(0,2*PI()*O45),COMPLEX(wz_ea,0))) -> 1+0.175497578066523i | AN45: =IMABS(AM45) -> 1.0152829 | AO45: =IMARGUMENT(AM45) -> 0.17372842 | AP45: =IMPRODUCT(AF45,IMDIV(AM45,IMPRODUCT(AG45,AJ45))) -> -9.9600277989006+57.1508854196853i | AQ45: =20*LOG(IMABS(AP45)) -> 35.2704 | AR45: =(180/PI())*IMARGUMENT(AP45) -> 99.885991 | AS45: =IMPRODUCT(AC45,AP45) -> 1974.35505178339+3239.37067906561i | AT45: =20*LOG(IMABS(AS45)) -> 71.581091 | AU45: =(180/PI())*IMARGUMENT(AS45) -> 58.638226 | AX45: =SUM((AT46<0)*(AT45>0))*O45 -> 0 | AY45: =IF(AX45>0,AU45,0) -> 0
A46: Sn | B46: =(R_cs*VIN_var*Acs)/Lm -> 35294.118 | C46: V/V | E46: Down slope at the selected input voltage | N46: 28 | O46: =10^(1+(N46/100)) -> 19.054607 | P46: =COMPLEX(Adc,0) -> 87 | Q46: =IMSUM(COMPLEX(1,0),IMDIV(COMPLEX(0,2*PI()*O46),COMPLEX(wp_lf,0))) -> 1+0.89792720898859i | R46: =IMABS(Q46) -> 1.3439767 | S46: =IMARGUMENT(Q46) -> 0.73166873 | T46: =IMSUM(COMPLEX(1,0),IMDIV(COMPLEX(0,2*PI()*O46),COMPLEX(wz_esr,0))) -> 1+0.000598618139325725i | U46: =IMABS(T46) -> 1.0000002 | V46: =IMARGUMENT(T46) -> 0.00059861807 | W46: =IMSUB(COMPLEX(1,0),IMDIV(COMPLEX(0,2*PI()*O46),COMPLEX(wz_rhp,0))) -> 1-0.0000848042364044779i | X46: =IMABS(W46) -> 1 | Y46: =IMARGUMENT(W46) -> -8.4804236e-05 | Z46: =IF(Dc_Mode_Loop="CCM",IMSUM(COMPLEX(1,0),IMDIV(COMPLEX(0,2*PI()*O46),COMPLEX(Q*(wsl/2),0)),IMDIV(IMPOWER(COMPLEX(0,2*PI()*O46),2),IMPOWER(COMPLEX(wsl/2,0),2))),COMPLEX(1,0)) -> 0.999999997418112+0.000178148758263336i | AA46: =IMABS(Z46) -> 1 | AB46: =IMARGUMENT(Z46) -> 0.00017814876 | AC46: =(IMDIV(IMPRODUCT(P46,T46,W46),IMPRODUCT(Q46,Z46))) -> 48.1799920364482-43.2329229124734i | AD46: =20*LOG(IMABS(AC46)) -> 36.222552 | AE46: =(180/PI())*IMARGUMENT(AC46) -> -41.902298 | AF46: =COMPLEX(Adc_ea,0) -> -0.0000673063927557778 | AG46: =COMPLEX(0,2*PI()*O46*wp0_ea) -> 1.20537748534628E-06i | AH46: =IMABS(AG46) -> 1.2053775e-06 | AI46: =IMARGUMENT(AG46) -> 1.5707963 | AJ46: =IMSUM(COMPLEX(1,0),IMDIV(COMPLEX(0,2*PI()*O46),COMPLEX(wp1_ea,0))) -> 1+0.00121293305942042i | AK46: =IMABS(AJ46) -> 1.0000007 | AL46: =IMARGUMENT(AJ46) -> 0.0012129325 | AM46: =IMSUM(COMPLEX(1,0),IMDIV(COMPLEX(0,2*PI()*O46),COMPLEX(wz_ea,0))) -> 1+0.179585441797717i | AN46: =IMABS(AM46) -> 1.0159975 | AO46: =IMARGUMENT(AM46) -> 0.17769136 | AP46: =IMPRODUCT(AF46,IMDIV(AM46,IMPRODUCT(AG46,AJ46))) -> -9.96002713939629+55.8505161695794i | AQ46: =20*LOG(IMABS(AP46)) -> 35.076511 | AR46: =(180/PI())*IMARGUMENT(AP46) -> 100.11147 | AS46: =IMPRODUCT(AC46,AP46) -> 1934.70703192235+3121.47850980552i | AT46: =20*LOG(IMABS(AS46)) -> 71.299063 | AU46: =(180/PI())*IMARGUMENT(AS46) -> 58.209171 | AX46: =SUM((AT47<0)*(AT46>0))*O46 -> 0 | AY46: =IF(AX46>0,AU46,0) -> 0
N47: 29 | O47: =10^(1+(N47/100)) -> 19.498446 | P47: =COMPLEX(Adc,0) -> 87 | Q47: =IMSUM(COMPLEX(1,0),IMDIV(COMPLEX(0,2*PI()*O47),COMPLEX(wp_lf,0))) -> 1+0.918842620536242i | R47: =IMABS(Q47) -> 1.3580397 | S47: =IMARGUMENT(Q47) -> 0.74312839 | T47: =IMSUM(COMPLEX(1,0),IMDIV(COMPLEX(0,2*PI()*O47),COMPLEX(wz_esr,0))) -> 1+0.00061256174702416i | U47: =IMABS(T47) -> 1.0000002 | V47: =IMARGUMENT(T47) -> 0.00061256167 | W47: =IMSUB(COMPLEX(1,0),IMDIV(COMPLEX(0,2*PI()*O47),COMPLEX(wz_rhp,0))) -> 1-0.0000867795808284229i | X47: =IMABS(W47) -> 1 | Y47: =IMARGUMENT(W47) -> -8.6779581e-05 | Z47: =IF(Dc_Mode_Loop="CCM",IMSUM(COMPLEX(1,0),IMDIV(COMPLEX(0,2*PI()*O47),COMPLEX(Q*(wsl/2),0)),IMDIV(IMPOWER(COMPLEX(0,2*PI()*O47),2),IMPOWER(COMPLEX(wsl/2,0),2))),COMPLEX(1,0)) -> 0.999999997296431+0.00018229837591439i | AA47: =IMABS(Z47) -> 1 | AB47: =IMARGUMENT(Z47) -> 0.00018229837 | AC47: =(IMDIV(IMPRODUCT(P47,T47,W47),IMPRODUCT(Q47,Z47))) -> 47.1879849748546-43.3284486841641i | AD47: =20*LOG(IMABS(AC47)) -> 36.132137 | AE47: =(180/PI())*IMARGUMENT(AC47) -> -42.55844 | AF47: =COMPLEX(Adc_ea,0) -> -0.0000673063927557778 | AG47: =COMPLEX(0,2*PI()*O47*wp0_ea) -> 1.23345433380785E-06i | AH47: =IMABS(AG47) -> 1.2334543e-06 | AI47: =IMARGUMENT(AG47) -> 1.5707963 | AJ47: =IMSUM(COMPLEX(1,0),IMDIV(COMPLEX(0,2*PI()*O47),COMPLEX(wp1_ea,0))) -> 1+0.00124118589981057i | AK47: =IMABS(AJ47) -> 1.0000008 | AL47: =IMARGUMENT(AJ47) -> 0.0012411853 | AM47: =IMSUM(COMPLEX(1,0),IMDIV(COMPLEX(0,2*PI()*O47),COMPLEX(wz_ea,0))) -> 1+0.183768524107248i | AN47: =IMABS(AM47) -> 1.0167452 | AO47: =IMARGUMENT(AM47) -> 0.18174078 | AP47: =IMPRODUCT(AF47,IMDIV(AM47,IMPRODUCT(AG47,AJ47))) -> -9.96002644881063+54.5797596023395i | AQ47: =20*LOG(IMABS(AP47)) -> 34.882901 | AR47: =(180/PI())*IMARGUMENT(AP47) -> 100.34187 | AS47: =IMPRODUCT(AC47,AP47) -> 1894.86273470835+3007.06137092658i | AT47: =20*LOG(IMABS(AS47)) -> 71.015038 | AU47: =(180/PI())*IMARGUMENT(AS47) -> 57.783425 | AX47: =SUM((AT48<0)*(AT47>0))*O47 -> 0 | AY47: =IF(AX47>0,AU47,0) -> 0
A48: wsl | B48: =2*PI()*Fsw -> 4712389 | C48: Rad | N48: 30 | O48: =10^(1+(N48/100)) -> 19.952623 | P48: =COMPLEX(Adc,0) -> 87 | Q48: =IMSUM(COMPLEX(1,0),IMDIV(COMPLEX(0,2*PI()*O48),COMPLEX(wp_lf,0))) -> 1+0.940245214603622i | R48: =IMABS(Q48) -> 1.372611 | S48: =IMARGUMENT(Q48) -> 0.75461035 | T48: =IMSUM(COMPLEX(1,0),IMDIV(COMPLEX(0,2*PI()*O48),COMPLEX(wz_esr,0))) -> 1+0.00062683014306908i | U48: =IMABS(T48) -> 1.0000002 | V48: =IMARGUMENT(T48) -> 0.00062683006 | W48: =IMSUB(COMPLEX(1,0),IMDIV(COMPLEX(0,2*PI()*O48),COMPLEX(wz_rhp,0))) -> 1-0.0000888009369347865i | X48: =IMABS(W48) -> 1 | Y48: =IMARGUMENT(W48) -> -8.8800937e-05 | Z48: =IF(Dc_Mode_Loop="CCM",IMSUM(COMPLEX(1,0),IMDIV(COMPLEX(0,2*PI()*O48),COMPLEX(Q*(wsl/2),0)),IMDIV(IMPOWER(COMPLEX(0,2*PI()*O48),2),IMPOWER(COMPLEX(wsl/2,0),2))),COMPLEX(1,0)) -> 0.999999997169016+0.000186544650577358i | AA48: =IMABS(Z48) -> 1 | AB48: =IMARGUMENT(Z48) -> 0.00018654465 | AC48: =(IMDIV(IMPRODUCT(P48,T48,W48),IMPRODUCT(Q48,Z48))) -> 46.1921136098219-43.4013346196553i | AD48: =20*LOG(IMABS(AC48)) -> 36.039437 | AE48: =(180/PI())*IMARGUMENT(AC48) -> -43.21585 | AF48: =COMPLEX(Adc_ea,0) -> -0.0000673063927557778 | AG48: =COMPLEX(0,2*PI()*O48*wp0_ea) -> 0.0000012621851760839i | AH48: =IMABS(AG48) -> 1.2621852e-06 | AI48: =IMARGUMENT(AG48) -> 1.5707963 | AJ48: =IMSUM(COMPLEX(1,0),IMDIV(COMPLEX(0,2*PI()*O48),COMPLEX(wp1_ea,0))) -> 1+0.00127009683339384i | AK48: =IMABS(AJ48) -> 1.0000008 | AL48: =IMARGUMENT(AJ48) -> 0.0012700962 | AM48: =IMSUM(COMPLEX(1,0),IMDIV(COMPLEX(0,2*PI()*O48),COMPLEX(wz_ea,0))) -> 1+0.188049042920724i | AN48: =IMABS(AM48) -> 1.0175276 | AO48: =IMARGUMENT(AM48) -> 0.18587829 | AP48: =IMPRODUCT(AF48,IMDIV(AM48,IMPRODUCT(AG48,AJ48))) -> -9.96002572567875+53.3379419460086i | AQ48: =20*LOG(IMABS(AP48)) -> 34.689582 | AR48: =(180/PI())*IMARGUMENT(AP48) -> 100.57727 | AS48: =IMPRODUCT(AC48,AP48) -> 1854.86322644517+2896.07068342467i | AT48: =20*LOG(IMABS(AS48)) -> 70.729019 | AU48: =(180/PI())*IMARGUMENT(AS48) -> 57.361421 | AX48: =SUM((AT49<0)*(AT48>0))*O48 -> 0 | AY48: =IF(AX48>0,AU48,0) -> 0
A49: Q | B49: =1/(PI()*(((VIN_var/VOUT)*(1+(B45/B46)))-0.5)) -> 0.28522391 | N49: 31 | O49: =10^(1+(N49/100)) -> 20.417379 | P49: =COMPLEX(Adc,0) -> 87 | Q49: =IMSUM(COMPLEX(1,0),IMDIV(COMPLEX(0,2*PI()*O49),COMPLEX(wp_lf,0))) -> 1+0.962146339129397i | R49: =IMABS(Q49) -> 1.3877051 | S49: =IMARGUMENT(Q49) -> 0.76610859 | T49: =IMSUM(COMPLEX(1,0),IMDIV(COMPLEX(0,2*PI()*O49),COMPLEX(wz_esr,0))) -> 1+0.00064143089275293i | U49: =IMABS(T49) -> 1.0000002 | V49: =IMARGUMENT(T49) -> 0.0006414308 | W49: =IMSUB(COMPLEX(1,0),IMDIV(COMPLEX(0,2*PI()*O49),COMPLEX(wz_rhp,0))) -> 1-0.0000908693764733319i | X49: =IMABS(W49) -> 1 | Y49: =IMARGUMENT(W49) -> -9.0869376e-05 | Z49: =IF(Dc_Mode_Loop="CCM",IMSUM(COMPLEX(1,0),IMDIV(COMPLEX(0,2*PI()*O49),COMPLEX(Q*(wsl/2),0)),IMDIV(IMPOWER(COMPLEX(0,2*PI()*O49),2),IMPOWER(COMPLEX(wsl/2,0),2))),COMPLEX(1,0)) -> 0.999999997035596+0.000190889833683272i | AA49: =IMABS(Z49) -> 1 | AB49: =IMARGUMENT(Z49) -> 0.00019088983 | AC49: =(IMDIV(IMPRODUCT(P49,T49,W49),IMPRODUCT(Q49,Z49))) -> 45.1934165697268-43.4513888709913i | AD49: =20*LOG(IMABS(AC49)) -> 35.944443 | AE49: =(180/PI())*IMARGUMENT(AC49) -> -43.874181 | AF49: =COMPLEX(Adc_ea,0) -> -0.0000673063927557778 | AG49: =COMPLEX(0,2*PI()*O49*wp0_ea) -> 0.0000012915852456473i | AH49: =IMABS(AG49) -> 1.2915852e-06 | AI49: =IMARGUMENT(AG49) -> 1.5707963 | AJ49: =IMSUM(COMPLEX(1,0),IMDIV(COMPLEX(0,2*PI()*O49),COMPLEX(wp1_ea,0))) -> 1+0.00129968118912989i | AK49: =IMABS(AJ49) -> 1.0000008 | AL49: =IMARGUMENT(AJ49) -> 0.0012996805 | AM49: =IMSUM(COMPLEX(1,0),IMDIV(COMPLEX(0,2*PI()*O49),COMPLEX(wz_ea,0))) -> 1+0.192429267825879i | AN49: =IMABS(AM49) -> 1.0183462 | AO49: =IMARGUMENT(AM49) -> 0.19010553 | AP49: =IMPRODUCT(AF49,IMDIV(AM49,IMPRODUCT(AG49,AJ49))) -> -9.96002496846682+52.1244047724224i | AQ49: =20*LOG(IMABS(AP49)) -> 34.496567 | AR49: =(180/PI())*IMARGUMENT(AP49) -> 100.81778 | AS49: =IMPRODUCT(AC49,AP49) -> 1814.75022399068+2788.45685639878i | AT49: =20*LOG(IMABS(AS49)) -> 70.441009 | AU49: =(180/PI())*IMARGUMENT(AS49) -> 56.943597 | AX49: =SUM((AT50<0)*(AT49>0))*O49 -> 0 | AY49: =IF(AX49>0,AU49,0) -> 0
A50: wp_hf | B50: =2*Fsw*((1-1/(B20/B17))/Dc_VIN_nom)^2 -> 1500000 | C50: Rad | E50: HF pole used for DCM | N50: 32 | O50: =10^(1+(N50/100)) -> 20.892961 | P50: =COMPLEX(Adc,0) -> 87 | Q50: =IMSUM(COMPLEX(1,0),IMDIV(COMPLEX(0,2*PI()*O50),COMPLEX(wp_lf,0))) -> 1+0.9845576063797i | R50: =IMABS(Q50) -> 1.4033366 | S50: =IMARGUMENT(Q50) -> 0.77761704 | T50: =IMSUM(COMPLEX(1,0),IMDIV(COMPLEX(0,2*PI()*O50),COMPLEX(wz_esr,0))) -> 1+0.000656371737586465i | U50: =IMABS(T50) -> 1.0000002 | V50: =IMARGUMENT(T50) -> 0.00065637164 | W50: =IMSUB(COMPLEX(1,0),IMDIV(COMPLEX(0,2*PI()*O50),COMPLEX(wz_rhp,0))) -> 1-0.0000929859961580827i | X50: =IMABS(W50) -> 1 | Y50: =IMARGUMENT(W50) -> -9.2985996e-05 | Z50: =IF(Dc_Mode_Loop="CCM",IMSUM(COMPLEX(1,0),IMDIV(COMPLEX(0,2*PI()*O50),COMPLEX(Q*(wsl/2),0)),IMDIV(IMPOWER(COMPLEX(0,2*PI()*O50),2),IMPOWER(COMPLEX(wsl/2,0),2))),COMPLEX(1,0)) -> 0.999999996895887+0.000195336229105732i | AA50: =IMABS(Z50) -> 1 | AB50: =IMARGUMENT(Z50) -> 0.00019533623 | AC50: =(IMDIV(IMPRODUCT(P50,T50,W50),IMPRODUCT(Q50,Z50))) -> 44.1929443864591-43.4784792386437i | AD50: =20*LOG(IMABS(AC50)) -> 35.84715 | AE50: =(180/PI())*IMARGUMENT(AC50) -> -44.533087 | AF50: =COMPLEX(Adc_ea,0) -> -0.0000673063927557778 | AG50: =COMPLEX(0,2*PI()*O50*wp0_ea) -> 0.0000013216701308041i | AH50: =IMABS(AG50) -> 1.3216701e-06 | AI50: =IMARGUMENT(AG50) -> 1.5707963 | AJ50: =IMSUM(COMPLEX(1,0),IMDIV(COMPLEX(0,2*PI()*O50),COMPLEX(wp1_ea,0))) -> 1+0.00132995465303575i | AK50: =IMABS(AJ50) -> 1.0000009 | AL50: =IMARGUMENT(AJ50) -> 0.0013299539 | AM50: =IMSUM(COMPLEX(1,0),IMDIV(COMPLEX(0,2*PI()*O50),COMPLEX(wz_ea,0))) -> 1+0.196911521275939i | AN50: =IMABS(AM50) -> 1.0192027 | AO50: =IMARGUMENT(AM50) -> 0.19442411 | AP50: =IMPRODUCT(AF50,IMDIV(AM50,IMPRODUCT(AG50,AJ50))) -> -9.96002417556871+50.9385046481014i | AQ50: =20*LOG(IMABS(AP50)) -> 34.303868 | AR50: =(180/PI())*IMARGUMENT(AP50) -> 101.06348 | AS50: =IMPRODUCT(AC50,AP50) -> 1774.56592231134+2684.16920737679i | AT50: =20*LOG(IMABS(AS50)) -> 70.151018 | AU50: =(180/PI())*IMARGUMENT(AS50) -> 56.530393 | AX50: =SUM((AT51<0)*(AT50>0))*O50 -> 0 | AY50: =IF(AX50>0,AU50,0) -> 0
N51: 33 | O51: =10^(1+(N51/100)) -> 21.379621 | P51: =COMPLEX(Adc,0) -> 87 | Q51: =IMSUM(COMPLEX(1,0),IMDIV(COMPLEX(0,2*PI()*O51),COMPLEX(wp_lf,0))) -> 1+1.00749089910506i | R51: =IMABS(Q51) -> 1.4195203 | S51: =IMARGUMENT(Q51) -> 0.78912962 | T51: =IMSUM(COMPLEX(1,0),IMDIV(COMPLEX(0,2*PI()*O51),COMPLEX(wz_esr,0))) -> 1+0.00067166059940337i | U51: =IMABS(T51) -> 1.0000002 | V51: =IMARGUMENT(T51) -> 0.0006716605 | W51: =IMSUB(COMPLEX(1,0),IMDIV(COMPLEX(0,2*PI()*O51),COMPLEX(wz_rhp,0))) -> 1-0.0000951519182488109i | X51: =IMABS(W51) -> 1 | Y51: =IMARGUMENT(W51) -> -9.5151918e-05 | Z51: =IF(Dc_Mode_Loop="CCM",IMSUM(COMPLEX(1,0),IMDIV(COMPLEX(0,2*PI()*O51),COMPLEX(Q*(wsl/2),0)),IMDIV(IMPOWER(COMPLEX(0,2*PI()*O51),2),IMPOWER(COMPLEX(wsl/2,0),2))),COMPLEX(1,0)) -> 0.999999996749595+0.000199886194382443i | AA51: =IMABS(Z51) -> 1 | AB51: =IMARGUMENT(Z51) -> 0.00019988619 | AC51: =(IMDIV(IMPRODUCT(P51,T51,W51),IMPRODUCT(Q51,Z51))) -> 43.1917550958188-43.4825340214335i | AD51: =20*LOG(IMABS(AC51)) -> 35.747555 | AE51: =(180/PI())*IMARGUMENT(AC51) -> -45.192218 | AF51: =COMPLEX(Adc_ea,0) -> -0.0000673063927557778 | AG51: =COMPLEX(0,2*PI()*O51*wp0_ea) -> 1.35245578295863E-06i | AH51: =IMABS(AG51) -> 1.3524558e-06 | AI51: =IMARGUMENT(AG51) -> 1.5707963 | AJ51: =IMSUM(COMPLEX(1,0),IMDIV(COMPLEX(0,2*PI()*O51),COMPLEX(wp1_ea,0))) -> 1+0.00136093327650266i | AK51: =IMABS(AJ51) -> 1.0000009 | AL51: =IMARGUMENT(AJ51) -> 0.0013609324 | AM51: =IMSUM(COMPLEX(1,0),IMDIV(COMPLEX(0,2*PI()*O51),COMPLEX(wz_ea,0))) -> 1+0.201498179821011i | AN51: =IMABS(AM51) -> 1.0200988 | AO51: =IMARGUMENT(AM51) -> 0.1988357 | AP51: =IMPRODUCT(AF51,IMDIV(AM51,IMPRODUCT(AG51,AJ51))) -> -9.96002334530256+49.7796127930962i | AQ51: =20*LOG(IMABS(AP51)) -> 34.111501 | AR51: =(180/PI())*IMARGUMENT(AP51) -> 101.31447 | AS51: =IMPRODUCT(AC51,AP51) -> 1734.35281777065+2583.15589849049i | AT51: =20*LOG(IMABS(AS51)) -> 69.859056 | AU51: =(180/PI())*IMARGUMENT(AS51) -> 56.122253 | AX51: =SUM((AT52<0)*(AT51>0))*O51 -> 0 | AY51: =IF(AX51>0,AU51,0) -> 0
N52: 34 | O52: =10^(1+(N52/100)) -> 21.877616 | P52: =COMPLEX(Adc,0) -> 87 | Q52: =IMSUM(COMPLEX(1,0),IMDIV(COMPLEX(0,2*PI()*O52),COMPLEX(wp_lf,0))) -> 1+1.03095837684084i | R52: =IMABS(Q52) -> 1.4362713 | S52: =IMARGUMENT(Q52) -> 0.80064022 | T52: =IMSUM(COMPLEX(1,0),IMDIV(COMPLEX(0,2*PI()*O52),COMPLEX(wz_esr,0))) -> 1+0.00068730558456056i | U52: =IMABS(T52) -> 1.0000002 | V52: =IMARGUMENT(T52) -> 0.00068730548 | W52: =IMSUB(COMPLEX(1,0),IMDIV(COMPLEX(0,2*PI()*O52),COMPLEX(wz_rhp,0))) -> 1-0.0000973682911460795i | X52: =IMABS(W52) -> 1 | Y52: =IMARGUMENT(W52) -> -9.7368291e-05 | Z52: =IF(Dc_Mode_Loop="CCM",IMSUM(COMPLEX(1,0),IMDIV(COMPLEX(0,2*PI()*O52),COMPLEX(Q*(wsl/2),0)),IMDIV(IMPOWER(COMPLEX(0,2*PI()*O52),2),IMPOWER(COMPLEX(wsl/2,0),2))),COMPLEX(1,0)) -> 0.999999996596408+0.000204542141965223i | AA52: =IMABS(Z52) -> 1 | AB52: =IMARGUMENT(Z52) -> 0.00020454214 | AC52: =(IMDIV(IMPRODUCT(P52,T52,W52),IMPRODUCT(Q52,Z52))) -> 42.1909097706375-43.4635424789387i | AD52: =20*LOG(IMABS(AC52)) -> 35.645657 | AE52: =(180/PI())*IMARGUMENT(AC52) -> -45.851224 | AF52: =COMPLEX(Adc_ea,0) -> -0.0000673063927557778 | AG52: =COMPLEX(0,2*PI()*O52*wp0_ea) -> 1.38395852507114E-06i | AH52: =IMABS(AG52) -> 1.3839585e-06 | AI52: =IMARGUMENT(AG52) -> 1.5707963 | AJ52: =IMSUM(COMPLEX(1,0),IMDIV(COMPLEX(0,2*PI()*O52),COMPLEX(wp1_ea,0))) -> 1+0.00139263348480686i | AK52: =IMABS(AJ52) -> 1.000001 | AL52: =IMARGUMENT(AJ52) -> 0.0013926326 | AM52: =IMSUM(COMPLEX(1,0),IMDIV(COMPLEX(0,2*PI()*O52),COMPLEX(wz_ea,0))) -> 1+0.206191675368168i | AN52: =IMABS(AM52) -> 1.0210362 | AO52: =IMARGUMENT(AM52) -> 0.20334194 | AP52: =IMPRODUCT(AF52,IMDIV(AM52,IMPRODUCT(AG52,AJ52))) -> -9.96002247590743+48.6471147475988i | AQ52: =20*LOG(IMABS(AP52)) -> 33.91948 | AR52: =(180/PI())*IMARGUMENT(AP52) -> 101.57084 | AS52: =IMPRODUCT(AC52,AP52) -> 1694.15352871553+2485.36388889058i | AT52: =20*LOG(IMABS(AS52)) -> 69.565137 | AU52: =(180/PI())*IMARGUMENT(AS52) -> 55.719619 | AX52: =SUM((AT53<0)*(AT52>0))*O52 -> 0 | AY52: =IF(AX52>0,AU52,0) -> 0
A53: Error Amplifier | N53: 35 | O53: =10^(1+(N53/100)) -> 22.387211 | P53: =COMPLEX(Adc,0) -> 87 | Q53: =IMSUM(COMPLEX(1,0),IMDIV(COMPLEX(0,2*PI()*O53),COMPLEX(wp_lf,0))) -> 1+1.05497248235438i | R53: =IMABS(Q53) -> 1.4536048 | S53: =IMARGUMENT(Q53) -> 0.81214274 | T53: =IMSUM(COMPLEX(1,0),IMDIV(COMPLEX(0,2*PI()*O53),COMPLEX(wz_esr,0))) -> 1+0.00070331498823625i | U53: =IMABS(T53) -> 1.0000002 | V53: =IMARGUMENT(T53) -> 0.00070331487 | W53: =IMSUB(COMPLEX(1,0),IMDIV(COMPLEX(0,2*PI()*O53),COMPLEX(wz_rhp,0))) -> 1-0.0000996362900001356i | X53: =IMABS(W53) -> 1 | Y53: =IMARGUMENT(W53) -> -9.963629e-05 | Z53: =IF(Dc_Mode_Loop="CCM",IMSUM(COMPLEX(1,0),IMDIV(COMPLEX(0,2*PI()*O53),COMPLEX(Q*(wsl/2),0)),IMDIV(IMPOWER(COMPLEX(0,2*PI()*O53),2),IMPOWER(COMPLEX(wsl/2,0),2))),COMPLEX(1,0)) -> 0.999999996436002+0.000209306540499108i | AA53: =IMABS(Z53) -> 1 | AB53: =IMARGUMENT(Z53) -> 0.00020930654 | AC53: =(IMDIV(IMPRODUCT(P53,T53,W53),IMPRODUCT(Q53,Z53))) -> 41.1914680266052-43.4215549008475i | AD53: =20*LOG(IMABS(AC53)) -> 35.54146 | AE53: =(180/PI())*IMARGUMENT(AC53) -> -46.509756 | AF53: =COMPLEX(Adc_ea,0) -> -0.0000673063927557778 | AG53: =COMPLEX(0,2*PI()*O53*wp0_ea) -> 1.41619506031251E-06i | AH53: =IMABS(AG53) -> 1.4161951e-06 | AI53: =IMARGUMENT(AG53) -> 1.5707963 | AJ53: =IMSUM(COMPLEX(1,0),IMDIV(COMPLEX(0,2*PI()*O53),COMPLEX(wp1_ea,0))) -> 1+0.00142507208581838i | AK53: =IMABS(AJ53) -> 1.000001 | AL53: =IMARGUMENT(AJ53) -> 0.0014250711 | AM53: =IMSUM(COMPLEX(1,0),IMDIV(COMPLEX(0,2*PI()*O53),COMPLEX(wz_ea,0))) -> 1+0.210994496470875i | AN53: =IMABS(AM53) -> 1.022017 | AO53: =IMARGUMENT(AM53) -> 0.2079445 | AP53: =IMPRODUCT(AF53,IMDIV(AM53,IMPRODUCT(AG53,AJ53))) -> -9.960021565539+47.5404100461467i | AQ53: =20*LOG(IMABS(AP53)) -> 33.727818 | AR53: =(180/PI())*IMARGUMENT(AP53) -> 101.83269 | AS53: =IMPRODUCT(AC53,AP53) -> 1654.01061496636+2390.73890360923i | AT53: =20*LOG(IMABS(AS53)) -> 69.269278 | AU53: =(180/PI())*IMARGUMENT(AS53) -> 55.322936 | AX53: =SUM((AT54<0)*(AT53>0))*O53 -> 0 | AY53: =IF(AX53>0,AU53,0) -> 0
A54: Compensation Components | N54: 36 | O54: =10^(1+(N54/100)) -> 22.908677 | P54: =COMPLEX(Adc,0) -> 87 | Q54: =IMSUM(COMPLEX(1,0),IMDIV(COMPLEX(0,2*PI()*O54),COMPLEX(wp_lf,0))) -> 1+1.07954594824227i | R54: =IMABS(Q54) -> 1.4715364 | S54: =IMARGUMENT(Q54) -> 0.82363112 | T54: =IMSUM(COMPLEX(1,0),IMDIV(COMPLEX(0,2*PI()*O54),COMPLEX(wz_esr,0))) -> 1+0.000719697298828175i | U54: =IMABS(T54) -> 1.0000003 | V54: =IMARGUMENT(T54) -> 0.00071969717 | W54: =IMSUB(COMPLEX(1,0),IMDIV(COMPLEX(0,2*PI()*O54),COMPLEX(wz_rhp,0))) -> 1-0.000101957117333992i | X54: =IMABS(W54) -> 1 | Y54: =IMARGUMENT(W54) -> -0.00010195712 | Z54: =IF(Dc_Mode_Loop="CCM",IMSUM(COMPLEX(1,0),IMDIV(COMPLEX(0,2*PI()*O54),COMPLEX(Q*(wsl/2),0)),IMDIV(IMPOWER(COMPLEX(0,2*PI()*O54),2),IMPOWER(COMPLEX(wsl/2,0),2))),COMPLEX(1,0)) -> 0.999999996268036+0.000214181916131265i | AA54: =IMABS(Z54) -> 1 | AB54: =IMARGUMENT(Z54) -> 0.00021418191 | AC54: =(IMDIV(IMPRODUCT(P54,T54,W54),IMPRODUCT(Q54,Z54))) -> 40.1944835412033-43.3566822824263i | AD54: =20*LOG(IMABS(AC54)) -> 35.434967 | AE54: =(180/PI())*IMARGUMENT(AC54) -> -47.167465 | AF54: =COMPLEX(Adc_ea,0) -> -0.0000673063927557778 | AG54: =COMPLEX(0,2*PI()*O54*wp0_ea) -> 1.44918248092041E-06i | AH54: =IMABS(AG54) -> 1.4491825e-06 | AI54: =IMARGUMENT(AG54) -> 1.5707963 | AJ54: =IMSUM(COMPLEX(1,0),IMDIV(COMPLEX(0,2*PI()*O54),COMPLEX(wp1_ea,0))) -> 1+0.00145826627891287i | AK54: =IMABS(AJ54) -> 1.0000011 | AL54: =IMARGUMENT(AJ54) -> 0.0014582652 | AM54: =IMSUM(COMPLEX(1,0),IMDIV(COMPLEX(0,2*PI()*O54),COMPLEX(wz_ea,0))) -> 1+0.215909189648452i | AN54: =IMABS(AM54) -> 1.0230429 | AO54: =IMARGUMENT(AM54) -> 0.21264502 | AP54: =IMPRODUCT(AF54,IMDIV(AM54,IMPRODUCT(AG54,AJ54))) -> -9.96002061226644+46.4589118992508i | AQ54: =20*LOG(IMABS(AP54)) -> 33.536532 | AR54: =(180/PI())*IMARGUMENT(AP54) -> 102.10011 | AS54: =IMPRODUCT(AC54,AP54) -> 1613.96639783326+2299.2254188891i | AT54: =20*LOG(IMABS(AS54)) -> 68.971499 | AU54: =(180/PI())*IMARGUMENT(AS54) -> 54.932645 | AX54: =SUM((AT55<0)*(AT54>0))*O54 -> 0 | AY54: =IF(AX54>0,AU54,0) -> 0
A55: RFBT | B55: =RFBT -> 71500 | C55: Ω | E55: Top feedback resistor | N55: 37 | O55: =10^(1+(N55/100)) -> 23.442288 | P55: =COMPLEX(Adc,0) -> 87 | Q55: =IMSUM(COMPLEX(1,0),IMDIV(COMPLEX(0,2*PI()*O55),COMPLEX(wp_lf,0))) -> 1+1.10469180368139i | R55: =IMABS(Q55) -> 1.4900819 | S55: =IMARGUMENT(Q55) -> 0.83509931 | T55: =IMSUM(COMPLEX(1,0),IMDIV(COMPLEX(0,2*PI()*O55),COMPLEX(wz_esr,0))) -> 1+0.00073646120245426i | U55: =IMABS(T55) -> 1.0000003 | V55: =IMARGUMENT(T55) -> 0.00073646107 | W55: =IMSUB(COMPLEX(1,0),IMDIV(COMPLEX(0,2*PI()*O55),COMPLEX(wz_rhp,0))) -> 1-0.00010433200368102i | X55: =IMABS(W55) -> 1 | Y55: =IMARGUMENT(W55) -> -0.000104332 | Z55: =IF(Dc_Mode_Loop="CCM",IMSUM(COMPLEX(1,0),IMDIV(COMPLEX(0,2*PI()*O55),COMPLEX(Q*(wsl/2),0)),IMDIV(IMPOWER(COMPLEX(0,2*PI()*O55),2),IMPOWER(COMPLEX(wsl/2,0),2))),COMPLEX(1,0)) -> 0.999999996092154+0.000219170853850388i | AA55: =IMABS(Z55) -> 1 | AB55: =IMARGUMENT(Z55) -> 0.00021917085 | AC55: =(IMDIV(IMPRODUCT(P55,T55,W55),IMPRODUCT(Q55,Z55))) -> 39.2009996259242-43.2690956099922i | AD55: =20*LOG(IMABS(AC55)) -> 35.326185 | AE55: =(180/PI())*IMARGUMENT(AC55) -> -47.824005 | AF55: =COMPLEX(Adc_ea,0) -> -0.0000673063927557778 | AG55: =COMPLEX(0,2*PI()*O55*wp0_ea) -> 1.48293827726189E-06i | AH55: =IMABS(AG55) -> 1.4829383e-06 | AI55: =IMARGUMENT(AG55) -> 1.5707963 | AJ55: =IMSUM(COMPLEX(1,0),IMDIV(COMPLEX(0,2*PI()*O55),COMPLEX(wp1_ea,0))) -> 1+0.00149223366409087i | AK55: =IMABS(AJ55) -> 1.0000011 | AL55: =IMARGUMENT(AJ55) -> 0.0014922326 | AM55: =IMSUM(COMPLEX(1,0),IMDIV(COMPLEX(0,2*PI()*O55),COMPLEX(wz_ea,0))) -> 1+0.220938360736278i | AN55: =IMABS(AM55) -> 1.0241161 | AO55: =IMARGUMENT(AM55) -> 0.21744517 | AP55: =IMPRODUCT(AF55,IMDIV(AM55,IMPRODUCT(AG55,AJ55))) -> -9.96001961406781+45.4020468822692i | AQ55: =20*LOG(IMABS(AP55)) -> 33.345639 | AR55: =(180/PI())*IMARGUMENT(AP55) -> 102.37319 | AS55: =IMPRODUCT(AC55,AP55) -> 1574.06278227298+2210.76666380653i | AT55: =20*LOG(IMABS(AS55)) -> 68.671824 | AU55: =(180/PI())*IMARGUMENT(AS55) -> 54.549187 | AX55: =SUM((AT56<0)*(AT55>0))*O55 -> 0 | AY55: =IF(AX55>0,AU55,0) -> 0
A56: RFBB | B56: =RFBB -> 2490 | C56: Ω | E56: Bottom feedback resistor | N56: 38 | O56: =10^(1+(N56/100)) -> 23.988329 | P56: =COMPLEX(Adc,0) -> 87 | Q56: =IMSUM(COMPLEX(1,0),IMDIV(COMPLEX(0,2*PI()*O56),COMPLEX(wp_lf,0))) -> 1+1.13042338133715i | R56: =IMABS(Q56) -> 1.5092571 | S56: =IMARGUMENT(Q56) -> 0.84654132 | T56: =IMSUM(COMPLEX(1,0),IMDIV(COMPLEX(0,2*PI()*O56),COMPLEX(wz_esr,0))) -> 1+0.0007536155875581i | U56: =IMABS(T56) -> 1.0000003 | V56: =IMARGUMENT(T56) -> 0.00075361544 | W56: =IMSUB(COMPLEX(1,0),IMDIV(COMPLEX(0,2*PI()*O56),COMPLEX(wz_rhp,0))) -> 1-0.000106762208237398i | X56: =IMABS(W56) -> 1 | Y56: =IMARGUMENT(W56) -> -0.00010676221 | Z56: =IF(Dc_Mode_Loop="CCM",IMSUM(COMPLEX(1,0),IMDIV(COMPLEX(0,2*PI()*O56),COMPLEX(Q*(wsl/2),0)),IMDIV(IMPOWER(COMPLEX(0,2*PI()*O56),2),IMPOWER(COMPLEX(wsl/2,0),2))),COMPLEX(1,0)) -> 0.999999995907983+0.000224275998857291i | AA56: =IMABS(Z56) -> 1 | AB56: =IMARGUMENT(Z56) -> 0.000224276 | AC56: =(IMDIV(IMPRODUCT(P56,T56,W56),IMPRODUCT(Q56,Z56))) -> 38.2120448911693-43.1590247649309i | AD56: =20*LOG(IMABS(AC56)) -> 35.215123 | AE56: =(180/PI())*IMARGUMENT(AC56) -> -48.479033 | AF56: =COMPLEX(Adc_ea,0) -> -0.0000673063927557778 | AG56: =COMPLEX(0,2*PI()*O56*wp0_ea) -> 1.51748034710699E-06i | AH56: =IMABS(AG56) -> 1.5174803e-06 | AI56: =IMARGUMENT(AG56) -> 1.5707963 | AJ56: =IMSUM(COMPLEX(1,0),IMDIV(COMPLEX(0,2*PI()*O56),COMPLEX(wp1_ea,0))) -> 1+0.00152699225130962i | AK56: =IMABS(AJ56) -> 1.0000012 | AL56: =IMARGUMENT(AJ56) -> 0.0015269911 | AM56: =IMSUM(COMPLEX(1,0),IMDIV(COMPLEX(0,2*PI()*O56),COMPLEX(wz_ea,0))) -> 1+0.22608467626743i | AN56: =IMABS(AM56) -> 1.0252386 | AO56: =IMARGUMENT(AM56) -> 0.22234661 | AP56: =IMPRODUCT(AF56,IMDIV(AM56,IMPRODUCT(AG56,AJ56))) -> -9.96001856882565+44.3692546313711i | AQ56: =20*LOG(IMABS(AP56)) -> 33.155154 | AR56: =(180/PI())*IMARGUMENT(AP56) -> 102.65203 | AS56: =IMPRODUCT(AC56,AP56) -> 1534.34108276802+2125.30463783279i | AT56: =20*LOG(IMABS(AS56)) -> 68.370277 | AU56: =(180/PI())*IMARGUMENT(AS56) -> 54.172999 | AX56: =SUM((AT57<0)*(AT56>0))*O56 -> 0 | AY56: =IF(AX56>0,AU56,0) -> 0
A57: RCOMP | B57: =RCOMP -> 150000 | C57: Ω | E57: Type II compensation Resistort | N57: 39 | O57: =10^(1+(N57/100)) -> 24.547089 | P57: =COMPLEX(Adc,0) -> 87 | Q57: =IMSUM(COMPLEX(1,0),IMDIV(COMPLEX(0,2*PI()*O57),COMPLEX(wp_lf,0))) -> 1+1.15675432443262i | R57: =IMABS(Q57) -> 1.5290783 | S57: =IMARGUMENT(Q57) -> 0.85795125 | T57: =IMSUM(COMPLEX(1,0),IMDIV(COMPLEX(0,2*PI()*O57),COMPLEX(wz_esr,0))) -> 1+0.000771169549621745i | U57: =IMABS(T57) -> 1.0000003 | V57: =IMARGUMENT(T57) -> 0.0007711694 | W57: =IMSUB(COMPLEX(1,0),IMDIV(COMPLEX(0,2*PI()*O57),COMPLEX(wz_rhp,0))) -> 1-0.000109249019529747i | X57: =IMABS(W57) -> 1 | Y57: =IMARGUMENT(W57) -> -0.00010924902 | Z57: =IF(Dc_Mode_Loop="CCM",IMSUM(COMPLEX(1,0),IMDIV(COMPLEX(0,2*PI()*O57),COMPLEX(Q*(wsl/2),0)),IMDIV(IMPOWER(COMPLEX(0,2*PI()*O57),2),IMPOWER(COMPLEX(wsl/2,0),2))),COMPLEX(1,0)) -> 0.999999995715132+0.000229500057967431i | AA57: =IMABS(Z57) -> 1 | AB57: =IMARGUMENT(Z57) -> 0.00022950005 | AC57: =(IMDIV(IMPRODUCT(P57,T57,W57),IMPRODUCT(Q57,Z57))) -> 37.228629041776-43.0267570592854i | AD57: =20*LOG(IMABS(AC57)) -> 35.101793 | AE57: =(180/PI())*IMARGUMENT(AC57) -> -49.13221 | AF57: =COMPLEX(Adc_ea,0) -> -0.0000673063927557778 | AG57: =COMPLEX(0,2*PI()*O57*wp0_ea) -> 1.55282700511835E-06i | AH57: =IMABS(AG57) -> 1.552827e-06 | AI57: =IMARGUMENT(AG57) -> 1.5707963 | AJ57: =IMSUM(COMPLEX(1,0),IMDIV(COMPLEX(0,2*PI()*O57),COMPLEX(wp1_ea,0))) -> 1+0.00156256047003214i | AK57: =IMABS(AJ57) -> 1.0000012 | AL57: =IMARGUMENT(AJ57) -> 0.0015625592 | AM57: =IMSUM(COMPLEX(1,0),IMDIV(COMPLEX(0,2*PI()*O57),COMPLEX(wz_ea,0))) -> 1+0.231350864886523i | AN57: =IMABS(AM57) -> 1.0264128 | AO57: =IMARGUMENT(AM57) -> 0.227351 | AP57: =IMPRODUCT(AF57,IMDIV(AM57,IMPRODUCT(AG57,AJ57))) -> -9.96001747432294+43.3599875464246i | AQ57: =20*LOG(IMABS(AP57)) -> 32.965095 | AR57: =(180/PI())*IMARGUMENT(AP57) -> 102.93672 | AS57: =IMPRODUCT(AC57,AP57) -> 1494.84185445248+2042.7801437958i | AT57: =20*LOG(IMABS(AS57)) -> 68.066888 | AU57: =(180/PI())*IMARGUMENT(AS57) -> 53.804515 | AX57: =SUM((AT58<0)*(AT57>0))*O57 -> 0 | AY57: =IF(AX57>0,AU57,0) -> 0
A58: CCOMP | B58: =CCOMP -> 1e-08 | C58: F | E58: Type II compensation Capacitor | N58: 40 | O58: =10^(1+(N58/100)) -> 25.118864 | P58: =COMPLEX(Adc,0) -> 87 | Q58: =IMSUM(COMPLEX(1,0),IMDIV(COMPLEX(0,2*PI()*O58),COMPLEX(wp_lf,0))) -> 1+1.18369859398236i | R58: =IMABS(Q58) -> 1.549562 | S58: =IMARGUMENT(Q58) -> 0.86932325 | T58: =IMSUM(COMPLEX(1,0),IMDIV(COMPLEX(0,2*PI()*O58),COMPLEX(wz_esr,0))) -> 1+0.00078913239598824i | U58: =IMABS(T58) -> 1.0000003 | V58: =IMARGUMENT(T58) -> 0.00078913223 | W58: =IMSUB(COMPLEX(1,0),IMDIV(COMPLEX(0,2*PI()*O58),COMPLEX(wz_rhp,0))) -> 1-0.000111793756098334i | X58: =IMABS(W58) -> 1 | Y58: =IMARGUMENT(W58) -> -0.00011179376 | Z58: =IF(Dc_Mode_Loop="CCM",IMSUM(COMPLEX(1,0),IMDIV(COMPLEX(0,2*PI()*O58),COMPLEX(Q*(wsl/2),0)),IMDIV(IMPOWER(COMPLEX(0,2*PI()*O58),2),IMPOWER(COMPLEX(wsl/2,0),2))),COMPLEX(1,0)) -> 0.999999995513192+0.0002348458010461i | AA58: =IMABS(Z58) -> 1 | AB58: =IMARGUMENT(Z58) -> 0.0002348458 | AC58: =(IMDIV(IMPRODUCT(P58,T58,W58),IMPRODUCT(Q58,Z58))) -> 36.2517388391454-42.8726354201774i | AD58: =20*LOG(IMABS(AC58)) -> 34.986209 | AE58: =(180/PI())*IMARGUMENT(AC58) -> -49.783201 | AF58: =COMPLEX(Adc_ea,0) -> -0.0000673063927557778 | AG58: =COMPLEX(0,2*PI()*O58*wp0_ea) -> 1.58899699256192E-06i | AH58: =IMABS(AG58) -> 1.588997e-06 | AI58: =IMARGUMENT(AG58) -> 1.5707963 | AJ58: =IMSUM(COMPLEX(1,0),IMDIV(COMPLEX(0,2*PI()*O58),COMPLEX(wp1_ea,0))) -> 1+0.00159895717899882i | AK58: =IMABS(AJ58) -> 1.0000013 | AL58: =IMARGUMENT(AJ58) -> 0.0015989558 | AM58: =IMSUM(COMPLEX(1,0),IMDIV(COMPLEX(0,2*PI()*O58),COMPLEX(wz_ea,0))) -> 1+0.236739718796472i | AN58: =IMABS(AM58) -> 1.0276408 | AO58: =IMARGUMENT(AM58) -> 0.23245999 | AP58: =IMPRODUCT(AF58,IMDIV(AM58,IMPRODUCT(AG58,AJ58))) -> -9.9600163282383+42.3737105006513i | AQ58: =20*LOG(IMABS(AP58)) -> 32.775481 | AR58: =(180/PI())*IMARGUMENT(AP58) -> 103.22736 | AS58: =IMPRODUCT(AC58,AP58) -> 1455.60473092965+1963.13283553474i | AT58: =20*LOG(IMABS(AS58)) -> 67.761689 | AU58: =(180/PI())*IMARGUMENT(AS58) -> 53.444162 | AX58: =SUM((AT59<0)*(AT58>0))*O58 -> 0 | AY58: =IF(AX58>0,AU58,0) -> 0
A59: CHF | B59: =CHF -> 6.8e-11 | C59: F | E59: Type II high frequency capacitor | N59: 41 | O59: =10^(1+(N59/100)) -> 25.703958 | P59: =COMPLEX(Adc,0) -> 87 | Q59: =IMSUM(COMPLEX(1,0),IMDIV(COMPLEX(0,2*PI()*O59),COMPLEX(wp_lf,0))) -> 1+1.21127047619473i | R59: =IMABS(Q59) -> 1.5707247 | S59: =IMARGUMENT(Q59) -> 0.8806516 | T59: =IMSUM(COMPLEX(1,0),IMDIV(COMPLEX(0,2*PI()*O59),COMPLEX(wz_esr,0))) -> 1+0.000807513650796485i | U59: =IMABS(T59) -> 1.0000003 | V59: =IMARGUMENT(T59) -> 0.00080751348 | W59: =IMSUB(COMPLEX(1,0),IMDIV(COMPLEX(0,2*PI()*O59),COMPLEX(wz_rhp,0))) -> 1-0.000114397767196169i | X59: =IMABS(W59) -> 1 | Y59: =IMARGUMENT(W59) -> -0.00011439777 | Z59: =IF(Dc_Mode_Loop="CCM",IMSUM(COMPLEX(1,0),IMDIV(COMPLEX(0,2*PI()*O59),COMPLEX(Q*(wsl/2),0)),IMDIV(IMPOWER(COMPLEX(0,2*PI()*O59),2),IMPOWER(COMPLEX(wsl/2,0),2))),COMPLEX(1,0)) -> 0.999999995301735+0.000240316062477034i | AA59: =IMABS(Z59) -> 1 | AB59: =IMARGUMENT(Z59) -> 0.00024031606 | AC59: =(IMDIV(IMPRODUCT(P59,T59,W59),IMPRODUCT(Q59,Z59))) -> 35.2823342634538-42.6970562442372i | AD59: =20*LOG(IMABS(AC59)) -> 34.868386 | AE59: =(180/PI())*IMARGUMENT(AC59) -> -50.431677 | AF59: =COMPLEX(Adc_ea,0) -> -0.0000673063927557778 | AG59: =COMPLEX(0,2*PI()*O59*wp0_ea) -> 0.0000016260094872438i | AH59: =IMABS(AG59) -> 1.6260095e-06 | AI59: =IMARGUMENT(AG59) -> 1.5707963 | AJ59: =IMSUM(COMPLEX(1,0),IMDIV(COMPLEX(0,2*PI()*O59),COMPLEX(wp1_ea,0))) -> 1+0.00163620167622649i | AK59: =IMABS(AJ59) -> 1.0000013 | AL59: =IMARGUMENT(AJ59) -> 0.0016362002 | AM59: =IMSUM(COMPLEX(1,0),IMDIV(COMPLEX(0,2*PI()*O59),COMPLEX(wz_ea,0))) -> 1+0.242254095238945i | AN59: =IMABS(AM59) -> 1.0289252 | AO59: =IMARGUMENT(AM59) -> 0.23767522 | AP59: =IMPRODUCT(AF59,IMDIV(AM59,IMPRODUCT(AG59,AJ59))) -> -9.96001512814055+41.4099005568951i | AQ59: =20*LOG(IMABS(AP59)) -> 32.586329 | AR59: =(180/PI())*IMARGUMENT(AP59) -> 103.52404 | AS59: =IMPRODUCT(AC59,AP59) -> 1416.66827012591+1886.30127938443i | AT59: =20*LOG(IMABS(AS59)) -> 67.454715 | AU59: =(180/PI())*IMARGUMENT(AS59) -> 53.092363 | AX59: =SUM((AT60<0)*(AT59>0))*O59 -> 0 | AY59: =IF(AX59>0,AU59,0) -> 0
N60: 42 | O60: =10^(1+(N60/100)) -> 26.30268 | P60: =COMPLEX(Adc,0) -> 87 | Q60: =IMSUM(COMPLEX(1,0),IMDIV(COMPLEX(0,2*PI()*O60),COMPLEX(wp_lf,0))) -> 1+1.23948459004664i | R60: =IMABS(Q60) -> 1.5925835 | S60: =IMARGUMENT(Q60) -> 0.89193068 | T60: =IMSUM(COMPLEX(1,0),IMDIV(COMPLEX(0,2*PI()*O60),COMPLEX(wz_esr,0))) -> 1+0.00082632306003109i | U60: =IMABS(T60) -> 1.0000003 | V60: =IMARGUMENT(T60) -> 0.00082632287 | W60: =IMSUB(COMPLEX(1,0),IMDIV(COMPLEX(0,2*PI()*O60),COMPLEX(wz_rhp,0))) -> 1-0.000117062433504405i | X60: =IMABS(W60) -> 1 | Y60: =IMARGUMENT(W60) -> -0.00011706243 | Z60: =IF(Dc_Mode_Loop="CCM",IMSUM(COMPLEX(1,0),IMDIV(COMPLEX(0,2*PI()*O60),COMPLEX(Q*(wsl/2),0)),IMDIV(IMPOWER(COMPLEX(0,2*PI()*O60),2),IMPOWER(COMPLEX(wsl/2,0),2))),COMPLEX(1,0)) -> 0.999999995080313+0.000245913742665252i | AA60: =IMABS(Z60) -> 1 | AB60: =IMARGUMENT(Z60) -> 0.00024591374 | AC60: =(IMDIV(IMPRODUCT(P60,T60,W60),IMPRODUCT(Q60,Z60))) -> 34.3213449064485-42.5004669467369i | AD60: =20*LOG(IMABS(AC60)) -> 34.748344 | AE60: =(180/PI())*IMARGUMENT(AC60) -> -51.077316 | AF60: =COMPLEX(Adc_ea,0) -> -0.0000673063927557778 | AG60: =COMPLEX(0,2*PI()*O60*wp0_ea) -> 0.0000016638841136786i | AH60: =IMABS(AG60) -> 1.6638841e-06 | AI60: =IMARGUMENT(AG60) -> 1.5707963 | AJ60: =IMSUM(COMPLEX(1,0),IMDIV(COMPLEX(0,2*PI()*O60),COMPLEX(wp1_ea,0))) -> 1+0.00167431370924059i | AK60: =IMABS(AJ60) -> 1.0000014 | AL60: =IMARGUMENT(AJ60) -> 0.0016743121 | AM60: =IMSUM(COMPLEX(1,0),IMDIV(COMPLEX(0,2*PI()*O60),COMPLEX(wz_ea,0))) -> 1+0.247896918009327i | AN60: =IMABS(AM60) -> 1.0302684 | AO60: =IMARGUMENT(AM60) -> 0.24299831 | AP60: =IMPRODUCT(AF60,IMDIV(AM60,IMPRODUCT(AG60,AJ60))) -> -9.96001387148429+40.4680466903539i | AQ60: =20*LOG(IMABS(AP60)) -> 32.39766 | AR60: =(180/PI())*IMARGUMENT(AP60) -> 103.82685 | AS60: =IMPRODUCT(AC60,AP60) -> 1378.06980940617+1812.22302848396i | AT60: =20*LOG(IMABS(AS60)) -> 67.146004 | AU60: =(180/PI())*IMARGUMENT(AS60) -> 52.749531 | AX60: =SUM((AT61<0)*(AT60>0))*O60 -> 0 | AY60: =IF(AX60>0,AU60,0) -> 0
A61: Adc_ea | B61: =-(RFBB*gm_ea)/(RFBB+RFBT) -> -6.7306393e-05 | C61: V/V | N61: 43 | O61: =10^(1+(N61/100)) -> 26.915348 | P61: =COMPLEX(Adc,0) -> 87 | Q61: =IMSUM(COMPLEX(1,0),IMDIV(COMPLEX(0,2*PI()*O61),COMPLEX(wp_lf,0))) -> 1+1.26835589503471i | R61: =IMABS(Q61) -> 1.6151553 | S61: =IMARGUMENT(Q61) -> 0.90315497 | T61: =IMSUM(COMPLEX(1,0),IMDIV(COMPLEX(0,2*PI()*O61),COMPLEX(wz_esr,0))) -> 1+0.000845570596689805i | U61: =IMABS(T61) -> 1.0000004 | V61: =IMARGUMENT(T61) -> 0.0008455704 | W61: =IMSUB(COMPLEX(1,0),IMDIV(COMPLEX(0,2*PI()*O61),COMPLEX(wz_rhp,0))) -> 1-0.000119789167864389i | X61: =IMABS(W61) -> 1 | Y61: =IMARGUMENT(W61) -> -0.00011978917 | Z61: =IF(Dc_Mode_Loop="CCM",IMSUM(COMPLEX(1,0),IMDIV(COMPLEX(0,2*PI()*O61),COMPLEX(Q*(wsl/2),0)),IMDIV(IMPOWER(COMPLEX(0,2*PI()*O61),2),IMPOWER(COMPLEX(wsl/2,0),2))),COMPLEX(1,0)) -> 0.999999994848455+0.000251641809574886i | AA61: =IMABS(Z61) -> 1 | AB61: =IMARGUMENT(Z61) -> 0.00025164181 | AC61: =(IMDIV(IMPRODUCT(P61,T61,W61),IMPRODUCT(Q61,Z61))) -> 33.3696666219825-42.2833632331895i | AD61: =20*LOG(IMABS(AC61)) -> 34.626102 | AE61: =(180/PI())*IMARGUMENT(AC61) -> -51.719802 | AF61: =COMPLEX(Adc_ea,0) -> -0.0000673063927557778 | AG61: =COMPLEX(0,2*PI()*O61*wp0_ea) -> 1.70264095349459E-06i | AH61: =IMABS(AG61) -> 1.702641e-06 | AI61: =IMARGUMENT(AG61) -> 1.5707963 | AJ61: =IMSUM(COMPLEX(1,0),IMDIV(COMPLEX(0,2*PI()*O61),COMPLEX(wp1_ea,0))) -> 1+0.00171331348554549i | AK61: =IMABS(AJ61) -> 1.0000015 | AL61: =IMARGUMENT(AJ61) -> 0.0017133118 | AM61: =IMSUM(COMPLEX(1,0),IMDIV(COMPLEX(0,2*PI()*O61),COMPLEX(wz_ea,0))) -> 1+0.253671179006941i | AN61: =IMABS(AM61) -> 1.0316729 | AO61: =IMARGUMENT(AM61) -> 0.24843089 | AP61: =IMPRODUCT(AF61,IMDIV(AM61,IMPRODUCT(AG61,AJ61))) -> -9.96001255560393+39.5476495176273i | AQ61: =20*LOG(IMABS(AP61)) -> 32.209493 | AR61: =(180/PI())*IMARGUMENT(AP61) -> 104.13588 | AS61: =IMPRODUCT(AC61,AP61) -> 1339.84533104144+1740.83470878196i | AT61: =20*LOG(IMABS(AS61)) -> 66.835595 | AU61: =(180/PI())*IMARGUMENT(AS61) -> 52.416074 | AX61: =SUM((AT62<0)*(AT61>0))*O61 -> 0 | AY61: =IF(AX61>0,AU61,0) -> 0
A62: wz_ea | B62: =1/(RCOMP*CCOMP) -> 666.66667 | E62: Error Amplifier Zero | N62: 44 | O62: =10^(1+(N62/100)) -> 27.542287 | P62: =COMPLEX(Adc,0) -> 87 | Q62: =IMSUM(COMPLEX(1,0),IMDIV(COMPLEX(0,2*PI()*O62),COMPLEX(wp_lf,0))) -> 1+1.29789969910701i | R62: =IMABS(Q62) -> 1.6384577 | S62: =IMARGUMENT(Q62) -> 0.91431913 | T62: =IMSUM(COMPLEX(1,0),IMDIV(COMPLEX(0,2*PI()*O62),COMPLEX(wz_esr,0))) -> 1+0.000865266466071335i | U62: =IMABS(T62) -> 1.0000004 | V62: =IMARGUMENT(T62) -> 0.00086526625 | W62: =IMSUB(COMPLEX(1,0),IMDIV(COMPLEX(0,2*PI()*O62),COMPLEX(wz_rhp,0))) -> 1-0.000122579416026773i | X62: =IMABS(W62) -> 1 | Y62: =IMARGUMENT(W62) -> -0.00012257942 | Z62: =IF(Dc_Mode_Loop="CCM",IMSUM(COMPLEX(1,0),IMDIV(COMPLEX(0,2*PI()*O62),COMPLEX(Q*(wsl/2),0)),IMDIV(IMPOWER(COMPLEX(0,2*PI()*O62),2),IMPOWER(COMPLEX(wsl/2,0),2))),COMPLEX(1,0)) -> 0.999999994605671+0.000257503300302829i | AA62: =IMABS(Z62) -> 1 | AB62: =IMARGUMENT(Z62) -> 0.0002575033 | AC62: =(IMDIV(IMPRODUCT(P62,T62,W62),IMPRODUCT(Q62,Z62))) -> 32.4281584577496-42.0462861237482i | AD62: =20*LOG(IMABS(AC62)) -> 34.501683 | AE62: =(180/PI())*IMARGUMENT(AC62) -> -52.358828 | AF62: =COMPLEX(Adc_ea,0) -> -0.0000673063927557778 | AG62: =COMPLEX(0,2*PI()*O62*wp0_ea) -> 1.74230055608124E-06i | AH62: =IMABS(AG62) -> 1.7423006e-06 | AI62: =IMARGUMENT(AG62) -> 1.5707963 | AJ62: =IMSUM(COMPLEX(1,0),IMDIV(COMPLEX(0,2*PI()*O62),COMPLEX(wp1_ea,0))) -> 1+0.00175322168333882i | AK62: =IMABS(AJ62) -> 1.0000015 | AL62: =IMARGUMENT(AJ62) -> 0.0017532199 | AM62: =IMSUM(COMPLEX(1,0),IMDIV(COMPLEX(0,2*PI()*O62),COMPLEX(wz_ea,0))) -> 1+0.2595799398214i | AN62: =IMABS(AM62) -> 1.0331417 | AO62: =IMARGUMENT(AM62) -> 0.25397456 | AP62: =IMPRODUCT(AF62,IMDIV(AM62,IMPRODUCT(AG62,AJ62))) -> -9.96001117770847+38.6482210319374i | AQ62: =20*LOG(IMABS(AP62)) -> 32.021849 | AR62: =(180/PI())*IMARGUMENT(AP62) -> 104.45122 | AS62: =IMPRODUCT(AC62,AP62) -> 1302.02933897102+1672.07211550746i | AT62: =20*LOG(IMABS(AS62)) -> 66.523533 | AU62: =(180/PI())*IMARGUMENT(AS62) -> 52.09239 | AX62: =SUM((AT63<0)*(AT62>0))*O62 -> 0 | AY62: =IF(AX62>0,AU62,0) -> 0
A63: wp0_ea | B63: =(CCOMP+CHF) -> 1.0068e-08 | E63: Error Amplifier pole at the origin | N63: 45 | O63: =10^(1+(N63/100)) -> 28.183829 | P63: =COMPLEX(Adc,0) -> 87 | Q63: =IMSUM(COMPLEX(1,0),IMDIV(COMPLEX(0,2*PI()*O63),COMPLEX(wp_lf,0))) -> 1+1.3281316667795i | R63: =IMABS(Q63) -> 1.6625083 | S63: =IMARGUMENT(Q63) -> 0.92541793 | T63: =IMSUM(COMPLEX(1,0),IMDIV(COMPLEX(0,2*PI()*O63),COMPLEX(wz_esr,0))) -> 1+0.00088542111118633i | U63: =IMABS(T63) -> 1.0000004 | V63: =IMARGUMENT(T63) -> 0.00088542088 | W63: =IMSUB(COMPLEX(1,0),IMDIV(COMPLEX(0,2*PI()*O63),COMPLEX(wz_rhp,0))) -> 1-0.000125434657418064i | X63: =IMABS(W63) -> 1 | Y63: =IMARGUMENT(W63) -> -0.00012543466 | Z63: =IF(Dc_Mode_Loop="CCM",IMSUM(COMPLEX(1,0),IMDIV(COMPLEX(0,2*PI()*O63),COMPLEX(Q*(wsl/2),0)),IMDIV(IMPOWER(COMPLEX(0,2*PI()*O63),2),IMPOWER(COMPLEX(wsl/2,0),2))),COMPLEX(1,0)) -> 0.999999994351444+0.000263501322689052i | AA63: =IMABS(Z63) -> 1 | AB63: =IMARGUMENT(Z63) -> 0.00026350132 | AC63: =(IMDIV(IMPRODUCT(P63,T63,W63),IMPRODUCT(Q63,Z63))) -> 31.4976398877634-41.7898187627823i | AD63: =20*LOG(IMABS(AC63)) -> 34.375112 | AE63: =(180/PI())*IMARGUMENT(AC63) -> -52.994095 | AF63: =COMPLEX(Adc_ea,0) -> -0.0000673063927557778 | AG63: =COMPLEX(0,2*PI()*O63*wp0_ea) -> 1.78288394948479E-06i | AH63: =IMABS(AG63) -> 1.7828839e-06 | AI63: =IMARGUMENT(AG63) -> 1.5707963 | AJ63: =IMSUM(COMPLEX(1,0),IMDIV(COMPLEX(0,2*PI()*O63),COMPLEX(wp1_ea,0))) -> 1+0.00179405946247528i | AK63: =IMABS(AJ63) -> 1.0000016 | AL63: =IMARGUMENT(AJ63) -> 0.0017940575 | AM63: =IMSUM(COMPLEX(1,0),IMDIV(COMPLEX(0,2*PI()*O63),COMPLEX(wz_ea,0))) -> 1+0.265626333355899i | AN63: =IMABS(AM63) -> 1.0346774 | AO63: =IMARGUMENT(AM63) -> 0.25963087 | AP63: =IMPRODUCT(AF63,IMDIV(AM63,IMPRODUCT(AG63,AJ63))) -> -9.96000973487519+37.7692843443808i | AQ63: =20*LOG(IMABS(AP63)) -> 31.83475 | AR63: =(180/PI())*IMARGUMENT(AP63) -> 104.77296 | AS63: =IMPRODUCT(AC63,AP63) -> 1264.65474764395+1605.87031879383i | AT63: =20*LOG(IMABS(AS63)) -> 66.209862 | AU63: =(180/PI())*IMARGUMENT(AS63) -> 51.778866 | AX63: =SUM((AT64<0)*(AT63>0))*O63 -> 0 | AY63: =IF(AX63>0,AU63,0) -> 0
A64: wp1_ea | B64: =(CCOMP+CHF)/(RCOMP*CHF*CCOMP) -> 98705.882 | E64: Error Amplifier pole at high frequencies | N64: 46 | O64: =10^(1+(N64/100)) -> 28.840315 | P64: =COMPLEX(Adc,0) -> 87 | Q64: =IMSUM(COMPLEX(1,0),IMDIV(COMPLEX(0,2*PI()*O64),COMPLEX(wp_lf,0))) -> 1+1.35906782744162i | R64: =IMABS(Q64) -> 1.6873249 | S64: =IMARGUMENT(Q64) -> 0.93644634 | T64: =IMSUM(COMPLEX(1,0),IMDIV(COMPLEX(0,2*PI()*O64),COMPLEX(wz_esr,0))) -> 1+0.00090604521829441i | U64: =IMABS(T64) -> 1.0000004 | V64: =IMARGUMENT(T64) -> 0.00090604497 | W64: =IMSUB(COMPLEX(1,0),IMDIV(COMPLEX(0,2*PI()*O64),COMPLEX(wz_rhp,0))) -> 1-0.000128356405925042i | X64: =IMABS(W64) -> 1 | Y64: =IMARGUMENT(W64) -> -0.00012835641 | Z64: =IF(Dc_Mode_Loop="CCM",IMSUM(COMPLEX(1,0),IMDIV(COMPLEX(0,2*PI()*O64),COMPLEX(Q*(wsl/2),0)),IMDIV(IMPOWER(COMPLEX(0,2*PI()*O64),2),IMPOWER(COMPLEX(wsl/2,0),2))),COMPLEX(1,0)) -> 0.999999994085235+0.000269639056964416i | AA64: =IMABS(Z64) -> 1 | AB64: =IMARGUMENT(Z64) -> 0.00026963905 | AC64: =(IMDIV(IMPRODUCT(P64,T64,W64),IMPRODUCT(Q64,Z64))) -> 30.578888361025-41.5145830474971i | AD64: =20*LOG(IMABS(AC64)) -> 34.246414 | AE64: =(180/PI())*IMARGUMENT(AC64) -> -53.625314 | AF64: =COMPLEX(Adc_ea,0) -> -0.0000673063927557778 | AG64: =COMPLEX(0,2*PI()*O64*wp0_ea) -> 1.82441265155762E-06i | AH64: =IMABS(AG64) -> 1.8244127e-06 | AI64: =IMARGUMENT(AG64) -> 1.5707963 | AJ64: =IMSUM(COMPLEX(1,0),IMDIV(COMPLEX(0,2*PI()*O64),COMPLEX(wp1_ea,0))) -> 1+0.00183584847568593i | AK64: =IMABS(AJ64) -> 1.0000017 | AL64: =IMARGUMENT(AJ64) -> 0.0018358464 | AM64: =IMSUM(COMPLEX(1,0),IMDIV(COMPLEX(0,2*PI()*O64),COMPLEX(wz_ea,0))) -> 1+0.271813565488323i | AN64: =IMABS(AM64) -> 1.0362831 | AO64: =IMARGUMENT(AM64) -> 0.2654014 | AP64: =IMPRODUCT(AF64,IMDIV(AM64,IMPRODUCT(AG64,AJ64))) -> -9.96000822404368+36.910373431075i | AQ64: =20*LOG(IMABS(AP64)) -> 31.648218 | AR64: =(180/PI())*IMARGUMENT(AP64) -> 105.10119 | AS64: =IMPRODUCT(AC64,AP64) -> 1227.75278356057+1542.1637770834i | AT64: =20*LOG(IMABS(AS64)) -> 65.894632 | AU64: =(180/PI())*IMARGUMENT(AS64) -> 51.47588 | AX64: =SUM((AT65<0)*(AT64>0))*O64 -> 0 | AY64: =IF(AX64>0,AU64,0) -> 0
N65: 47 | O65: =10^(1+(N65/100)) -> 29.512092 | P65: =COMPLEX(Adc,0) -> 87 | Q65: =IMSUM(COMPLEX(1,0),IMDIV(COMPLEX(0,2*PI()*O65),COMPLEX(wp_lf,0))) -> 1+1.39072458385524i | R65: =IMABS(Q65) -> 1.7129258 | S65: =IMARGUMENT(Q65) -> 0.94739946 | T65: =IMSUM(COMPLEX(1,0),IMDIV(COMPLEX(0,2*PI()*O65),COMPLEX(wz_esr,0))) -> 1+0.000927149722570155i | U65: =IMABS(T65) -> 1.0000004 | V65: =IMARGUMENT(T65) -> 0.00092714946 | W65: =IMSUB(COMPLEX(1,0),IMDIV(COMPLEX(0,2*PI()*O65),COMPLEX(wz_rhp,0))) -> 1-0.000131346210697439i | X65: =IMABS(W65) -> 1 | Y65: =IMARGUMENT(W65) -> -0.00013134621 | Z65: =IF(Dc_Mode_Loop="CCM",IMSUM(COMPLEX(1,0),IMDIV(COMPLEX(0,2*PI()*O65),COMPLEX(Q*(wsl/2),0)),IMDIV(IMPOWER(COMPLEX(0,2*PI()*O65),2),IMPOWER(COMPLEX(wsl/2,0),2))),COMPLEX(1,0)) -> 0.999999993806481+0.000275919757436878i | AA65: =IMABS(Z65) -> 1 | AB65: =IMARGUMENT(Z65) -> 0.00027591975 | AC65: =(IMDIV(IMPRODUCT(P65,T65,W65),IMPRODUCT(Q65,Z65))) -> 29.6726371776692-41.221236110401i | AD65: =20*LOG(IMABS(AC65)) -> 34.115617 | AE65: =(180/PI())*IMARGUMENT(AC65) -> -54.252203 | AF65: =COMPLEX(Adc_ea,0) -> -0.0000673063927557778 | AG65: =COMPLEX(0,2*PI()*O65*wp0_ea) -> 1.86690868136726E-06i | AH65: =IMABS(AG65) -> 1.8669087e-06 | AI65: =IMARGUMENT(AG65) -> 1.5707963 | AJ65: =IMSUM(COMPLEX(1,0),IMDIV(COMPLEX(0,2*PI()*O65),COMPLEX(wp1_ea,0))) -> 1+0.00187861088005872i | AK65: =IMABS(AJ65) -> 1.0000018 | AL65: =IMARGUMENT(AJ65) -> 0.0018786087 | AM65: =IMSUM(COMPLEX(1,0),IMDIV(COMPLEX(0,2*PI()*O65),COMPLEX(wz_ea,0))) -> 1+0.278144916771046i | AN65: =IMABS(AM65) -> 1.0379618 | AO65: =IMARGUMENT(AM65) -> 0.27128766 | AP65: =IMPRODUCT(AF65,IMDIV(AM65,IMPRODUCT(AG65,AJ65))) -> -9.96000664200941+36.0710328860674i | AQ65: =20*LOG(IMABS(AP65)) -> 31.462276 | AR65: =(180/PI())*IMARGUMENT(AP65) -> 105.436 | AS65: =IMPRODUCT(AC65,AP65) -> 1191.3528999671+1480.88645690348i | AT65: =20*LOG(IMABS(AS65)) -> 65.577894 | AU65: =(180/PI())*IMARGUMENT(AS65) -> 51.183798 | AX65: =SUM((AT66<0)*(AT65>0))*O65 -> 0 | AY65: =IF(AX65>0,AU65,0) -> 0
N66: 48 | O66: =10^(1+(N66/100)) -> 30.199517 | P66: =COMPLEX(Adc,0) -> 87 | Q66: =IMSUM(COMPLEX(1,0),IMDIV(COMPLEX(0,2*PI()*O66),COMPLEX(wp_lf,0))) -> 1+1.42311872085163i | R66: =IMABS(Q66) -> 1.7393294 | S66: =IMARGUMENT(Q66) -> 0.95827259 | T66: =IMSUM(COMPLEX(1,0),IMDIV(COMPLEX(0,2*PI()*O66),COMPLEX(wz_esr,0))) -> 1+0.000948745813901085i | U66: =IMABS(T66) -> 1.0000005 | V66: =IMARGUMENT(T66) -> 0.00094874553 | W66: =IMSUB(COMPLEX(1,0),IMDIV(COMPLEX(0,2*PI()*O66),COMPLEX(wz_rhp,0))) -> 1-0.000134405656969321i | X66: =IMABS(W66) -> 1 | Y66: =IMARGUMENT(W66) -> -0.00013440566 | Z66: =IF(Dc_Mode_Loop="CCM",IMSUM(COMPLEX(1,0),IMDIV(COMPLEX(0,2*PI()*O66),COMPLEX(Q*(wsl/2),0)),IMDIV(IMPOWER(COMPLEX(0,2*PI()*O66),2),IMPOWER(COMPLEX(wsl/2,0),2))),COMPLEX(1,0)) -> 0.99999999351459+0.000282346754216963i | AA66: =IMABS(Z66) -> 1 | AB66: =IMARGUMENT(Z66) -> 0.00028234675 | AC66: =(IMDIV(IMPRODUCT(P66,T66,W66),IMPRODUCT(Q66,Z66))) -> 28.7795736996956-40.9104666908111i | AD66: =20*LOG(IMABS(AC66)) -> 33.982752 | AE66: =(180/PI())*IMARGUMENT(AC66) -> -54.874494 | AF66: =COMPLEX(Adc_ea,0) -> -0.0000673063927557778 | AG66: =COMPLEX(0,2*PI()*O66*wp0_ea) -> 1.91039457087122E-06i | AH66: =IMABS(AG66) -> 1.9103946e-06 | AI66: =IMARGUMENT(AG66) -> 1.5707963 | AJ66: =IMSUM(COMPLEX(1,0),IMDIV(COMPLEX(0,2*PI()*O66),COMPLEX(wp1_ea,0))) -> 1+0.00192236934878646i | AK66: =IMABS(AJ66) -> 1.0000018 | AL66: =IMARGUMENT(AJ66) -> 0.001922367 | AM66: =IMSUM(COMPLEX(1,0),IMDIV(COMPLEX(0,2*PI()*O66),COMPLEX(wz_ea,0))) -> 1+0.284623744170325i | AN66: =IMABS(AM66) -> 1.0397166 | AO66: =IMARGUMENT(AM66) -> 0.27729113 | AP66: =IMPRODUCT(AF66,IMDIV(AM66,IMPRODUCT(AG66,AJ66))) -> -9.96000498541668+35.2508176798723i | AQ66: =20*LOG(IMABS(AP66)) -> 31.276949 | AR66: =(180/PI())*IMARGUMENT(AP66) -> 105.77747 | AS66: =IMPRODUCT(AC66,AP66) -> 1155.48270498914+1421.97195758862i | AT66: =20*LOG(IMABS(AS66)) -> 65.2597 | AU66: =(180/PI())*IMARGUMENT(AS66) -> 50.902974 | AX66: =SUM((AT67<0)*(AT66>0))*O66 -> 0 | AY66: =IF(AX66>0,AU66,0) -> 0
N67: 49 | O67: =10^(1+(N67/100)) -> 30.902954 | P67: =COMPLEX(Adc,0) -> 87 | Q67: =IMSUM(COMPLEX(1,0),IMDIV(COMPLEX(0,2*PI()*O67),COMPLEX(wp_lf,0))) -> 1+1.45626741423102i | R67: =IMABS(Q67) -> 1.7665545 | S67: =IMARGUMENT(Q67) -> 0.96906121 | T67: =IMSUM(COMPLEX(1,0),IMDIV(COMPLEX(0,2*PI()*O67),COMPLEX(wz_esr,0))) -> 1+0.00097084494282068i | U67: =IMABS(T67) -> 1.0000005 | V67: =IMARGUMENT(T67) -> 0.00097084464 | W67: =IMSUB(COMPLEX(1,0),IMDIV(COMPLEX(0,2*PI()*O67),COMPLEX(wz_rhp,0))) -> 1-0.000137536366899597i | X67: =IMABS(W67) -> 1 | Y67: =IMARGUMENT(W67) -> -0.00013753637 | Z67: =IF(Dc_Mode_Loop="CCM",IMSUM(COMPLEX(1,0),IMDIV(COMPLEX(0,2*PI()*O67),COMPLEX(Q*(wsl/2),0)),IMDIV(IMPOWER(COMPLEX(0,2*PI()*O67),2),IMPOWER(COMPLEX(wsl/2,0),2))),COMPLEX(1,0)) -> 0.999999993208942+0.000288923454983434i | AA67: =IMABS(Z67) -> 1 | AB67: =IMARGUMENT(Z67) -> 0.00028892345 | AC67: =(IMDIV(IMPRODUCT(P67,T67,W67),IMPRODUCT(Q67,Z67))) -> 27.9003378993104-40.5829914304381i | AD67: =20*LOG(IMABS(AC67)) -> 33.847848 | AE67: =(180/PI())*IMARGUMENT(AC67) -> -55.491926 | AF67: =COMPLEX(Adc_ea,0) -> -0.0000673063927557778 | AG67: =COMPLEX(0,2*PI()*O67*wp0_ea) -> 1.95489337686372E-06i | AH67: =IMABS(AG67) -> 1.9548934e-06 | AI67: =IMARGUMENT(AG67) -> 1.5707963 | AJ67: =IMSUM(COMPLEX(1,0),IMDIV(COMPLEX(0,2*PI()*O67),COMPLEX(wp1_ea,0))) -> 1+0.0019671470831885i | AK67: =IMABS(AJ67) -> 1.0000019 | AL67: =IMARGUMENT(AJ67) -> 0.0019671445 | AM67: =IMSUM(COMPLEX(1,0),IMDIV(COMPLEX(0,2*PI()*O67),COMPLEX(wz_ea,0))) -> 1+0.291253482846204i | AN67: =IMABS(AM67) -> 1.0415511 | AO67: =IMARGUMENT(AM67) -> 0.28341328 | AP67: =IMPRODUCT(AF67,IMDIV(AM67,IMPRODUCT(AG67,AJ67))) -> -9.96000325075177+34.4492929235105i | AQ67: =20*LOG(IMABS(AP67)) -> 31.092259 | AR67: =(180/PI())*IMARGUMENT(AP67) -> 106.12568 | AS67: =IMPRODUCT(AC67,AP67) -> 1120.16790332527+1365.35363953066i | AT67: =20*LOG(IMABS(AS67)) -> 64.940107 | AU67: =(180/PI())*IMARGUMENT(AS67) -> 50.633749 | AX67: =SUM((AT68<0)*(AT67>0))*O67 -> 0 | AY67: =IF(AX67>0,AU67,0) -> 0
A68: ="Crossover Frequency = "&B68 -> Crossover Frequency = 14.5 kHz | B68: =ROUND(D68,1)&" kHz" -> 14.5 kHz | D68: =AY12 -> 14.454398 | N68: 50 | O68: =10^(1+(N68/100)) -> 31.622777 | P68: =COMPLEX(Adc,0) -> 87 | Q68: =IMSUM(COMPLEX(1,0),IMDIV(COMPLEX(0,2*PI()*O68),COMPLEX(wp_lf,0))) -> 1+1.49018823986942i | R68: =IMABS(Q68) -> 1.79462 | S68: =IMARGUMENT(Q68) -> 0.979761 | T68: =IMSUM(COMPLEX(1,0),IMDIV(COMPLEX(0,2*PI()*O68),COMPLEX(wz_esr,0))) -> 1+0.00099345882657961i | U68: =IMABS(T68) -> 1.0000005 | V68: =IMARGUMENT(T68) -> 0.0009934585 | W68: =IMSUB(COMPLEX(1,0),IMDIV(COMPLEX(0,2*PI()*O68),COMPLEX(wz_rhp,0))) -> 1-0.000140740000432112i | X68: =IMABS(W68) -> 1 | Y68: =IMARGUMENT(W68) -> -0.00014074 | Z68: =IF(Dc_Mode_Loop="CCM",IMSUM(COMPLEX(1,0),IMDIV(COMPLEX(0,2*PI()*O68),COMPLEX(Q*(wsl/2),0)),IMDIV(IMPOWER(COMPLEX(0,2*PI()*O68),2),IMPOWER(COMPLEX(wsl/2,0),2))),COMPLEX(1,0)) -> 0.999999992888889+0.000295653346790092i | AA68: =IMABS(Z68) -> 1 | AB68: =IMARGUMENT(Z68) -> 0.00029565334 | AC68: =(IMDIV(IMPRODUCT(P68,T68,W68),IMPRODUCT(Q68,Z68))) -> 27.0355212439545-40.2395511274479i | AD68: =20*LOG(IMABS(AC68)) -> 33.710939 | AE68: =(180/PI())*IMARGUMENT(AC68) -> -56.104253 | AF68: =COMPLEX(Adc_ea,0) -> -0.0000673063927557778 | AG68: =COMPLEX(0,2*PI()*O68*wp0_ea) -> 0.0000020004286932007i | AH68: =IMABS(AG68) -> 2.0004287e-06 | AI68: =IMARGUMENT(AG68) -> 1.5707963 | AJ68: =IMSUM(COMPLEX(1,0),IMDIV(COMPLEX(0,2*PI()*O68),COMPLEX(wp1_ea,0))) -> 1+0.00201296782501232i | AK68: =IMABS(AJ68) -> 1.000002 | AL68: =IMARGUMENT(AJ68) -> 0.0020129651 | AM68: =IMSUM(COMPLEX(1,0),IMDIV(COMPLEX(0,2*PI()*O68),COMPLEX(wz_ea,0))) -> 1+0.298037647973883i | AN68: =IMABS(AM68) -> 1.0434685 | AO68: =IMARGUMENT(AM68) -> 0.2896555 | AP68: =IMPRODUCT(AF68,IMDIV(AM68,IMPRODUCT(AG68,AJ68))) -> -9.96000143433524+33.6660336379255i | AQ68: =20*LOG(IMABS(AP68)) -> 30.908234 | AR68: =(180/PI())*IMARGUMENT(AP68) -> 106.4807 | AS68: =IMPRODUCT(AC68,AP68) -> 1085.4322514639+1310.96475456421i | AT68: =20*LOG(IMABS(AS68)) -> 64.619173 | AU68: =(180/PI())*IMARGUMENT(AS68) -> 50.376451 | AX68: =SUM((AT69<0)*(AT68>0))*O68 -> 0 | AY68: =IF(AX68>0,AU68,0) -> 0
A69: ="Phase Margin = "&B69 -> Phase Margin = 60° | B69: =ROUND(D69,0)&"°" -> 60° | D69: =AY14 -> 60.080562 | N69: 51 | O69: =10^(1+(N69/100)) -> 32.359366 | P69: =COMPLEX(Adc,0) -> 87 | Q69: =IMSUM(COMPLEX(1,0),IMDIV(COMPLEX(0,2*PI()*O69),COMPLEX(wp_lf,0))) -> 1+1.52489918303757i | R69: =IMABS(Q69) -> 1.8235453 | S69: =IMARGUMENT(Q69) -> 0.99036782 | T69: =IMSUM(COMPLEX(1,0),IMDIV(COMPLEX(0,2*PI()*O69),COMPLEX(wz_esr,0))) -> 1+0.00101659945535837i | U69: =IMABS(T69) -> 1.0000005 | V69: =IMARGUMENT(T69) -> 0.0010165991 | W69: =IMSUB(COMPLEX(1,0),IMDIV(COMPLEX(0,2*PI()*O69),COMPLEX(wz_rhp,0))) -> 1-0.00014401825617577i | X69: =IMABS(W69) -> 1 | Y69: =IMARGUMENT(W69) -> -0.00014401826 | Z69: =IF(Dc_Mode_Loop="CCM",IMSUM(COMPLEX(1,0),IMDIV(COMPLEX(0,2*PI()*O69),COMPLEX(Q*(wsl/2),0)),IMDIV(IMPOWER(COMPLEX(0,2*PI()*O69),2),IMPOWER(COMPLEX(wsl/2,0),2))),COMPLEX(1,0)) -> 0.999999992553752+0.000302539997914652i | AA69: =IMABS(Z69) -> 1 | AB69: =IMARGUMENT(Z69) -> 0.00030253999 | AC69: =(IMDIV(IMPRODUCT(P69,T69,W69),IMPRODUCT(Q69,Z69))) -> 26.1856659133571-39.8809069822823i | AD69: =20*LOG(IMABS(AC69)) -> 33.572058 | AE69: =(180/PI())*IMARGUMENT(AC69) -> -56.711235 | AF69: =COMPLEX(Adc_ea,0) -> -0.0000673063927557778 | AG69: =COMPLEX(0,2*PI()*O69*wp0_ea) -> 2.04702466330963E-06i | AH69: =IMABS(AG69) -> 2.0470247e-06 | AI69: =IMARGUMENT(AG69) -> 1.5707963 | AJ69: =IMSUM(COMPLEX(1,0),IMDIV(COMPLEX(0,2*PI()*O69),COMPLEX(wp1_ea,0))) -> 1+0.00205985586902174i | AK69: =IMABS(AJ69) -> 1.0000021 | AL69: =IMARGUMENT(AJ69) -> 0.002059853 | AM69: =IMSUM(COMPLEX(1,0),IMDIV(COMPLEX(0,2*PI()*O69),COMPLEX(wz_ea,0))) -> 1+0.304979836607512i | AN69: =IMABS(AM69) -> 1.0454725 | AO69: =IMARGUMENT(AM69) -> 0.29601917 | AP69: =IMPRODUCT(AF69,IMDIV(AM69,IMPRODUCT(AG69,AJ69))) -> -9.95999953231426+32.900624528653i | AQ69: =20*LOG(IMABS(AP69)) -> 30.724898 | AR69: =(180/PI())*IMARGUMENT(AP69) -> 106.84263 | AS69: =IMPRODUCT(AC69,AP69) -> 1051.29752623583+1258.73857713991i | AT69: =20*LOG(IMABS(AS69)) -> 64.296957 | AU69: =(180/PI())*IMARGUMENT(AS69) -> 50.131393 | AX69: =SUM((AT70<0)*(AT69>0))*O69 -> 0 | AY69: =IF(AX69>0,AU69,0) -> 0
N70: 52 | O70: =10^(1+(N70/100)) -> 33.113112 | P70: =COMPLEX(Adc,0) -> 87 | Q70: =IMSUM(COMPLEX(1,0),IMDIV(COMPLEX(0,2*PI()*O70),COMPLEX(wp_lf,0))) -> 1+1.56041864793699i | R70: =IMABS(Q70) -> 1.85335 | S70: =IMARGUMENT(Q70) -> 1.0008778 | T70: =IMSUM(COMPLEX(1,0),IMDIV(COMPLEX(0,2*PI()*O70),COMPLEX(wz_esr,0))) -> 1+0.00104027909862466i | U70: =IMABS(T70) -> 1.0000005 | V70: =IMARGUMENT(T70) -> 0.0010402787 | W70: =IMSUB(COMPLEX(1,0),IMDIV(COMPLEX(0,2*PI()*O70),COMPLEX(wz_rhp,0))) -> 1-0.00014737287230516i | X70: =IMABS(W70) -> 1 | Y70: =IMARGUMENT(W70) -> -0.00014737287 | Z70: =IF(Dc_Mode_Loop="CCM",IMSUM(COMPLEX(1,0),IMDIV(COMPLEX(0,2*PI()*O70),COMPLEX(Q*(wsl/2),0)),IMDIV(IMPOWER(COMPLEX(0,2*PI()*O70),2),IMPOWER(COMPLEX(wsl/2,0),2))),COMPLEX(1,0)) -> 0.999999992202822+0.000309587059750699i | AA70: =IMABS(Z70) -> 1 | AB70: =IMARGUMENT(Z70) -> 0.00030958705 | AC70: =(IMDIV(IMPRODUCT(P70,T70,W70),IMPRODUCT(Q70,Z70))) -> 25.3512643404858-39.5078368669901i | AD70: =20*LOG(IMABS(AC70)) -> 33.43124 | AE70: =(180/PI())*IMARGUMENT(AC70) -> -57.31265 | AF70: =COMPLEX(Adc_ea,0) -> -0.0000673063927557778 | AG70: =COMPLEX(0,2*PI()*O70*wp0_ea) -> 2.09470599299061E-06i | AH70: =IMABS(AG70) -> 2.094706e-06 | AI70: =IMARGUMENT(AG70) -> 1.5707963 | AJ70: =IMSUM(COMPLEX(1,0),IMDIV(COMPLEX(0,2*PI()*O70),COMPLEX(wp1_ea,0))) -> 1+0.00210783607587833i | AK70: =IMABS(AJ70) -> 1.0000022 | AL70: =IMARGUMENT(AJ70) -> 0.002107833 | AM70: =IMSUM(COMPLEX(1,0),IMDIV(COMPLEX(0,2*PI()*O70),COMPLEX(wz_ea,0))) -> 1+0.312083729587398i | AN70: =IMABS(AM70) -> 1.0475668 | AO70: =IMARGUMENT(AM70) -> 0.30250559 | AP70: =IMPRODUCT(AF70,IMDIV(AM70,IMPRODUCT(AG70,AJ70))) -> -9.9599975406547+32.1526597656277i | AQ70: =20*LOG(IMABS(AP70)) -> 30.54228 | AR70: =(180/PI())*IMARGUMENT(AP70) -> 107.21152 | AS70: =IMPRODUCT(AC70,AP70) -> 1017.78350637653+1208.60853499994i | AT70: =20*LOG(IMABS(AS70)) -> 63.973521 | AU70: =(180/PI())*IMARGUMENT(AS70) -> 49.898873 | AX70: =SUM((AT71<0)*(AT70>0))*O70 -> 0 | AY70: =IF(AX70>0,AU70,0) -> 0
N71: 53 | O71: =10^(1+(N71/100)) -> 33.884416 | P71: =COMPLEX(Adc,0) -> 87 | Q71: =IMSUM(COMPLEX(1,0),IMDIV(COMPLEX(0,2*PI()*O71),COMPLEX(wp_lf,0))) -> 1+1.59676546745813i | R71: =IMABS(Q71) -> 1.8840541 | S71: =IMARGUMENT(Q71) -> 1.0112871 | T71: =IMSUM(COMPLEX(1,0),IMDIV(COMPLEX(0,2*PI()*O71),COMPLEX(wz_esr,0))) -> 1+0.00106451031163875i | U71: =IMABS(T71) -> 1.0000006 | V71: =IMARGUMENT(T71) -> 0.0010645099 | W71: =IMSUB(COMPLEX(1,0),IMDIV(COMPLEX(0,2*PI()*O71),COMPLEX(wz_rhp,0))) -> 1-0.000150805627482157i | X71: =IMABS(W71) -> 1 | Y71: =IMARGUMENT(W71) -> -0.00015080563 | Z71: =IF(Dc_Mode_Loop="CCM",IMSUM(COMPLEX(1,0),IMDIV(COMPLEX(0,2*PI()*O71),COMPLEX(Q*(wsl/2),0)),IMDIV(IMPOWER(COMPLEX(0,2*PI()*O71),2),IMPOWER(COMPLEX(wsl/2,0),2))),COMPLEX(1,0)) -> 0.999999991835352+0.000316798268743692i | AA71: =IMABS(Z71) -> 1 | AB71: =IMARGUMENT(Z71) -> 0.00031679826 | AC71: =(IMDIV(IMPRODUCT(P71,T71,W71),IMPRODUCT(Q71,Z71))) -> 24.5327590651051-39.1211316479269i | AD71: =20*LOG(IMABS(AC71)) -> 33.288522 | AE71: =(180/PI())*IMARGUMENT(AC71) -> -57.908283 | AF71: =COMPLEX(Adc_ea,0) -> -0.0000673063927557778 | AG71: =COMPLEX(0,2*PI()*O71*wp0_ea) -> 2.14349796351579E-06i | AH71: =IMABS(AG71) -> 2.143498e-06 | AI71: =IMARGUMENT(AG71) -> 1.5707963 | AJ71: =IMSUM(COMPLEX(1,0),IMDIV(COMPLEX(0,2*PI()*O71),COMPLEX(wp1_ea,0))) -> 1+0.00215693388532285i | AK71: =IMABS(AJ71) -> 1.0000023 | AL71: =IMARGUMENT(AJ71) -> 0.0021569305 | AM71: =IMSUM(COMPLEX(1,0),IMDIV(COMPLEX(0,2*PI()*O71),COMPLEX(wz_ea,0))) -> 1+0.319353093491625i | AN71: =IMABS(AM71) -> 1.0497554 | AO71: =IMARGUMENT(AM71) -> 0.30911602 | AP71: =IMPRODUCT(AF71,IMDIV(AM71,IMPRODUCT(AG71,AJ71))) -> -9.95999545513193+31.421742768005i | AQ71: =20*LOG(IMABS(AP71)) -> 30.360407 | AR71: =(180/PI())*IMARGUMENT(AP71) -> 107.58746 | AS71: =IMPRODUCT(AC71,AP71) -> 984.907966644125+1160.50833814614i | AT71: =20*LOG(IMABS(AS71)) -> 63.648929 | AU71: =(180/PI())*IMARGUMENT(AS71) -> 49.679177 | AX71: =SUM((AT72<0)*(AT71>0))*O71 -> 0 | AY71: =IF(AX71>0,AU71,0) -> 0
N72: 54 | O72: =10^(1+(N72/100)) -> 34.673685 | P72: =COMPLEX(Adc,0) -> 87 | Q72: =IMSUM(COMPLEX(1,0),IMDIV(COMPLEX(0,2*PI()*O72),COMPLEX(wp_lf,0))) -> 1+1.63395891316581i | R72: =IMABS(Q72) -> 1.9156779 | S72: =IMARGUMENT(Q72) -> 1.0215924 | T72: =IMSUM(COMPLEX(1,0),IMDIV(COMPLEX(0,2*PI()*O72),COMPLEX(wz_esr,0))) -> 1+0.00108930594211054i | U72: =IMABS(T72) -> 1.0000006 | V72: =IMARGUMENT(T72) -> 0.0010893055 | W72: =IMSUB(COMPLEX(1,0),IMDIV(COMPLEX(0,2*PI()*O72),COMPLEX(wz_rhp,0))) -> 1-0.000154318341798993i | X72: =IMABS(W72) -> 1 | Y72: =IMARGUMENT(W72) -> -0.00015431834 | Z72: =IF(Dc_Mode_Loop="CCM",IMSUM(COMPLEX(1,0),IMDIV(COMPLEX(0,2*PI()*O72),COMPLEX(Q*(wsl/2),0)),IMDIV(IMPOWER(COMPLEX(0,2*PI()*O72),2),IMPOWER(COMPLEX(wsl/2,0),2))),COMPLEX(1,0)) -> 0.999999991450564+0.000324177448372095i | AA72: =IMABS(Z72) -> 1 | AB72: =IMARGUMENT(Z72) -> 0.00032417744 | AC72: =(IMDIV(IMPRODUCT(P72,T72,W72),IMPRODUCT(Q72,Z72))) -> 23.7305428858414-38.7215915894775i | AD72: =20*LOG(IMABS(AC72)) -> 33.14394 | AE72: =(180/PI())*IMARGUMENT(AC72) -> -58.497934 | AF72: =COMPLEX(Adc_ea,0) -> -0.0000673063927557778 | AG72: =COMPLEX(0,2*PI()*O72*wp0_ea) -> 2.19342644503378E-06i | AH72: =IMABS(AG72) -> 2.1934264e-06 | AI72: =IMARGUMENT(AG72) -> 1.5707963 | AJ72: =IMSUM(COMPLEX(1,0),IMDIV(COMPLEX(0,2*PI()*O72),COMPLEX(wp1_ea,0))) -> 1+0.00220717532966378i | AK72: =IMABS(AJ72) -> 1.0000024 | AL72: =IMARGUMENT(AJ72) -> 0.0022071717 | AM72: =IMSUM(COMPLEX(1,0),IMDIV(COMPLEX(0,2*PI()*O72),COMPLEX(wz_ea,0))) -> 1+0.32679178263316i | AN72: =IMABS(AM72) -> 1.0520422 | AO72: =IMARGUMENT(AM72) -> 0.31585165 | AP72: =IMPRODUCT(AF72,IMDIV(AM72,IMPRODUCT(AG72,AJ72))) -> -9.95999327132237+30.7074859938897i | AQ72: =20*LOG(IMABS(AP72)) -> 30.179307 | AR72: =(180/PI())*IMARGUMENT(AP72) -> 107.9705 | AS72: =IMPRODUCT(AC72,AP72) -> 952.68668392719+1114.37210498046i | AT72: =20*LOG(IMABS(AS72)) -> 63.323247 | AU72: =(180/PI())*IMARGUMENT(AS72) -> 49.472571 | AX72: =SUM((AT73<0)*(AT72>0))*O72 -> 0 | AY72: =IF(AX72>0,AU72,0) -> 0
N73: 55 | O73: =10^(1+(N73/100)) -> 35.481339 | P73: =COMPLEX(Adc,0) -> 87 | Q73: =IMSUM(COMPLEX(1,0),IMDIV(COMPLEX(0,2*PI()*O73),COMPLEX(wp_lf,0))) -> 1+1.67201870551725i | R73: =IMABS(Q73) -> 1.9482419 | S73: =IMARGUMENT(Q73) -> 1.0317902 | T73: =IMSUM(COMPLEX(1,0),IMDIV(COMPLEX(0,2*PI()*O73),COMPLEX(wz_esr,0))) -> 1+0.00111467913701149i | U73: =IMABS(T73) -> 1.0000006 | V73: =IMARGUMENT(T73) -> 0.0011146787 | W73: =IMSUB(COMPLEX(1,0),IMDIV(COMPLEX(0,2*PI()*O73),COMPLEX(wz_rhp,0))) -> 1-0.000157912877743295i | X73: =IMABS(W73) -> 1 | Y73: =IMARGUMENT(W73) -> -0.00015791288 | Z73: =IF(Dc_Mode_Loop="CCM",IMSUM(COMPLEX(1,0),IMDIV(COMPLEX(0,2*PI()*O73),COMPLEX(Q*(wsl/2),0)),IMDIV(IMPOWER(COMPLEX(0,2*PI()*O73),2),IMPOWER(COMPLEX(wsl/2,0),2))),COMPLEX(1,0)) -> 0.999999991047641+0.000331728511174621i | AA73: =IMABS(Z73) -> 1 | AB73: =IMARGUMENT(Z73) -> 0.0003317285 | AC73: =(IMDIV(IMPRODUCT(P73,T73,W73),IMPRODUCT(Q73,Z73))) -> 22.9449592942085-38.3100228639999i | AD73: =20*LOG(IMABS(AC73)) -> 32.997533 | AE73: =(180/PI())*IMARGUMENT(AC73) -> -59.081412 | AF73: =COMPLEX(Adc_ea,0) -> -0.0000673063927557778 | AG73: =COMPLEX(0,2*PI()*O73*wp0_ea) -> 2.24451791028635E-06i | AH73: =IMABS(AG73) -> 2.2445179e-06 | AI73: =IMARGUMENT(AG73) -> 1.5707963 | AJ73: =IMSUM(COMPLEX(1,0),IMDIV(COMPLEX(0,2*PI()*O73),COMPLEX(wp1_ea,0))) -> 1+0.00225858704757991i | AK73: =IMABS(AJ73) -> 1.0000026 | AL73: =IMARGUMENT(AJ73) -> 0.0022585832 | AM73: =IMSUM(COMPLEX(1,0),IMDIV(COMPLEX(0,2*PI()*O73),COMPLEX(wz_ea,0))) -> 1+0.334403741103448i | AN73: =IMABS(AM73) -> 1.0544315 | AO73: =IMARGUMENT(AM73) -> 0.32271361 | AP73: =IMPRODUCT(AF73,IMDIV(AM73,IMPRODUCT(AG73,AJ73))) -> -9.95999098459414+30.0095107348556i | AQ73: =20*LOG(IMABS(AP73)) -> 29.99901 | AR73: =(180/PI())*IMARGUMENT(AP73) -> 108.36072 | AS73: =IMPRODUCT(AC73,AP73) -> 921.133454677572+1070.13448459541i | AT73: =20*LOG(IMABS(AS73)) -> 62.996543 | AU73: =(180/PI())*IMARGUMENT(AS73) -> 49.279309 | AX73: =SUM((AT74<0)*(AT73>0))*O73 -> 0 | AY73: =IF(AX73>0,AU73,0) -> 0
N74: 56 | O74: =10^(1+(N74/100)) -> 36.307805 | P74: =COMPLEX(Adc,0) -> 87 | Q74: =IMSUM(COMPLEX(1,0),IMDIV(COMPLEX(0,2*PI()*O74),COMPLEX(wp_lf,0))) -> 1+1.71096502431814i | R74: =IMABS(Q74) -> 1.9817672 | S74: =IMARGUMENT(Q74) -> 1.0418776 | T74: =IMSUM(COMPLEX(1,0),IMDIV(COMPLEX(0,2*PI()*O74),COMPLEX(wz_esr,0))) -> 1+0.00114064334954542i | U74: =IMABS(T74) -> 1.0000007 | V74: =IMARGUMENT(T74) -> 0.0011406429 | W74: =IMSUB(COMPLEX(1,0),IMDIV(COMPLEX(0,2*PI()*O74),COMPLEX(wz_rhp,0))) -> 1-0.000161591141185602i | X74: =IMABS(W74) -> 1 | Y74: =IMARGUMENT(W74) -> -0.00016159114 | Z74: =IF(Dc_Mode_Loop="CCM",IMSUM(COMPLEX(1,0),IMDIV(COMPLEX(0,2*PI()*O74),COMPLEX(Q*(wsl/2),0)),IMDIV(IMPOWER(COMPLEX(0,2*PI()*O74),2),IMPOWER(COMPLEX(wsl/2,0),2))),COMPLEX(1,0)) -> 0.99999999062573+0.000339455460824719i | AA74: =IMABS(Z74) -> 1 | AB74: =IMARGUMENT(Z74) -> 0.00033945545 | AC74: =(IMDIV(IMPRODUCT(P74,T74,W74),IMPRODUCT(Q74,Z74))) -> 22.1763031720036-37.8872341905486i | AD74: =20*LOG(IMABS(AC74)) -> 32.849338 | AE74: =(180/PI())*IMARGUMENT(AC74) -> -59.658542 | AF74: =COMPLEX(Adc_ea,0) -> -0.0000673063927557778 | AG74: =COMPLEX(0,2*PI()*O74*wp0_ea) -> 2.29679944864466E-06i | AH74: =IMABS(AG74) -> 2.2967994e-06 | AI74: =IMARGUMENT(AG74) -> 1.5707963 | AJ74: =IMSUM(COMPLEX(1,0),IMDIV(COMPLEX(0,2*PI()*O74),COMPLEX(wp1_ea,0))) -> 1+0.0023111962982446i | AK74: =IMABS(AJ74) -> 1.0000027 | AL74: =IMARGUMENT(AJ74) -> 0.0023111922 | AM74: =IMSUM(COMPLEX(1,0),IMDIV(COMPLEX(0,2*PI()*O74),COMPLEX(wz_ea,0))) -> 1+0.342193004863627i | AN74: =IMABS(AM74) -> 1.0569276 | AO74: =IMARGUMENT(AM74) -> 0.32970295 | AP74: =IMPRODUCT(AF74,IMDIV(AM74,IMPRODUCT(AG74,AJ74))) -> -9.95998859009686+29.327446915149i | AQ74: =20*LOG(IMABS(AP74)) -> 29.819547 | AR74: =(180/PI())*IMARGUMENT(AP74) -> 108.75817 | AS74: =IMPRODUCT(AC74,AP74) -> 890.260122921448+1027.73077429938i | AT74: =20*LOG(IMABS(AS74)) -> 62.668884 | AU74: =(180/PI())*IMARGUMENT(AS74) -> 49.099624 | AX74: =SUM((AT75<0)*(AT74>0))*O74 -> 0 | AY74: =IF(AX74>0,AU74,0) -> 0
N75: 57 | O75: =10^(1+(N75/100)) -> 37.153523 | P75: =COMPLEX(Adc,0) -> 87 | Q75: =IMSUM(COMPLEX(1,0),IMDIV(COMPLEX(0,2*PI()*O75),COMPLEX(wp_lf,0))) -> 1+1.75081851942222i | R75: =IMABS(Q75) -> 2.0162752 | S75: =IMARGUMENT(Q75) -> 1.0518516 | T75: =IMSUM(COMPLEX(1,0),IMDIV(COMPLEX(0,2*PI()*O75),COMPLEX(wz_esr,0))) -> 1+0.00116721234628148i | U75: =IMABS(T75) -> 1.0000007 | V75: =IMARGUMENT(T75) -> 0.0011672118 | W75: =IMSUB(COMPLEX(1,0),IMDIV(COMPLEX(0,2*PI()*O75),COMPLEX(wz_rhp,0))) -> 1-0.000165355082389877i | X75: =IMABS(W75) -> 1 | Y75: =IMARGUMENT(W75) -> -0.00016535508 | Z75: =IF(Dc_Mode_Loop="CCM",IMSUM(COMPLEX(1,0),IMDIV(COMPLEX(0,2*PI()*O75),COMPLEX(Q*(wsl/2),0)),IMDIV(IMPOWER(COMPLEX(0,2*PI()*O75),2),IMPOWER(COMPLEX(wsl/2,0),2))),COMPLEX(1,0)) -> 0.999999990183934+0.000347362394253368i | AA75: =IMABS(Z75) -> 1.0000001 | AB75: =IMARGUMENT(Z75) -> 0.00034736238 | AC75: =(IMDIV(IMPRODUCT(P75,T75,W75),IMPRODUCT(Q75,Z75))) -> 21.4248217318159-37.4540336221654i | AD75: =20*LOG(IMABS(AC75)) -> 32.699395 | AE75: =(180/PI())*IMARGUMENT(AC75) -> -60.229159 | AF75: =COMPLEX(Adc_ea,0) -> -0.0000673063927557778 | AG75: =COMPLEX(0,2*PI()*O75*wp0_ea) -> 2.35029878047238E-06i | AH75: =IMABS(AG75) -> 2.3502988e-06 | AI75: =IMARGUMENT(AG75) -> 1.5707963 | AJ75: =IMSUM(COMPLEX(1,0),IMDIV(COMPLEX(0,2*PI()*O75),COMPLEX(wp1_ea,0))) -> 1+0.00236503097577892i | AK75: =IMABS(AJ75) -> 1.0000028 | AL75: =IMARGUMENT(AJ75) -> 0.0023650266 | AM75: =IMSUM(COMPLEX(1,0),IMDIV(COMPLEX(0,2*PI()*O75),COMPLEX(wz_ea,0))) -> 1+0.350163703884444i | AN75: =IMABS(AM75) -> 1.0595351 | AO75: =IMARGUMENT(AM75) -> 0.33682065 | AP75: =IMPRODUCT(AF75,IMDIV(AM75,IMPRODUCT(AG75,AJ75))) -> -9.95998608275167+28.6609328954697i | AQ75: =20*LOG(IMABS(AP75)) -> 29.640947 | AR75: =(180/PI())*IMARGUMENT(AP75) -> 109.1629 | AS75: =IMPRODUCT(AC75,AP75) -> 860.076618035227+987.097031572657i | AT75: =20*LOG(IMABS(AS75)) -> 62.340342 | AU75: =(180/PI())*IMARGUMENT(AS75) -> 48.933737 | AX75: =SUM((AT76<0)*(AT75>0))*O75 -> 0 | AY75: =IF(AX75>0,AU75,0) -> 0
N76: 58 | O76: =10^(1+(N76/100)) -> 38.01894 | P76: =COMPLEX(Adc,0) -> 87 | Q76: =IMSUM(COMPLEX(1,0),IMDIV(COMPLEX(0,2*PI()*O76),COMPLEX(wp_lf,0))) -> 1+1.79160032168013i | R76: =IMABS(Q76) -> 2.0517874 | S76: =IMARGUMENT(Q76) -> 1.0617097 | T76: =IMSUM(COMPLEX(1,0),IMDIV(COMPLEX(0,2*PI()*O76),COMPLEX(wz_esr,0))) -> 1+0.00119440021445342i | U76: =IMABS(T76) -> 1.0000007 | V76: =IMARGUMENT(T76) -> 0.0011943996 | W76: =IMSUB(COMPLEX(1,0),IMDIV(COMPLEX(0,2*PI()*O76),COMPLEX(wz_rhp,0))) -> 1-0.000169206697047567i | X76: =IMABS(W76) -> 1 | Y76: =IMARGUMENT(W76) -> -0.0001692067 | Z76: =IF(Dc_Mode_Loop="CCM",IMSUM(COMPLEX(1,0),IMDIV(COMPLEX(0,2*PI()*O76),COMPLEX(Q*(wsl/2),0)),IMDIV(IMPOWER(COMPLEX(0,2*PI()*O76),2),IMPOWER(COMPLEX(wsl/2,0),2))),COMPLEX(1,0)) -> 0.999999989721317+0.000355453503821336i | AA76: =IMABS(Z76) -> 1.0000001 | AB76: =IMARGUMENT(Z76) -> 0.00035545349 | AC76: =(IMDIV(IMPRODUCT(P76,T76,W76),IMPRODUCT(Q76,Z76))) -> 20.6907156791317-37.0112254986733i | AD76: =20*LOG(IMABS(AC76)) -> 32.547744 | AE76: =(180/PI())*IMARGUMENT(AC76) -> -60.79311 | AF76: =COMPLEX(Adc_ea,0) -> -0.0000673063927557778 | AG76: =COMPLEX(0,2*PI()*O76*wp0_ea) -> 2.40504427182339E-06i | AH76: =IMABS(AG76) -> 2.4050443e-06 | AI76: =IMARGUMENT(AG76) -> 1.5707963 | AJ76: =IMSUM(COMPLEX(1,0),IMDIV(COMPLEX(0,2*PI()*O76),COMPLEX(wp1_ea,0))) -> 1+0.00242011962404148i | AK76: =IMABS(AJ76) -> 1.0000029 | AL76: =IMARGUMENT(AJ76) -> 0.0024201149 | AM76: =IMSUM(COMPLEX(1,0),IMDIV(COMPLEX(0,2*PI()*O76),COMPLEX(wz_ea,0))) -> 1+0.358320064336024i | AN76: =IMABS(AM76) -> 1.0622586 | AO76: =IMARGUMENT(AM76) -> 0.34406759 | AP76: =IMPRODUCT(AF76,IMDIV(AM76,IMPRODUCT(AG76,AJ76))) -> -9.95998345724021+28.0096152812248i | AQ76: =20*LOG(IMABS(AP76)) -> 29.463244 | AR76: =(180/PI())*IMARGUMENT(AP76) -> 109.57496 | AS76: =IMPRODUCT(AC76,AP76) -> 830.591001421884+948.170179764658i | AT76: =20*LOG(IMABS(AS76)) -> 62.010988 | AU76: =(180/PI())*IMARGUMENT(AS76) -> 48.781848 | AX76: =SUM((AT77<0)*(AT76>0))*O76 -> 0 | AY76: =IF(AX76>0,AU76,0) -> 0
N77: 59 | O77: =10^(1+(N77/100)) -> 38.904514 | P77: =COMPLEX(Adc,0) -> 87 | Q77: =IMSUM(COMPLEX(1,0),IMDIV(COMPLEX(0,2*PI()*O77),COMPLEX(wp_lf,0))) -> 1+1.83333205414322i | R77: =IMABS(Q77) -> 2.0883262 | S77: =IMARGUMENT(Q77) -> 1.0714493 | T77: =IMSUM(COMPLEX(1,0),IMDIV(COMPLEX(0,2*PI()*O77),COMPLEX(wz_esr,0))) -> 1+0.00122222136942881i | U77: =IMABS(T77) -> 1.0000007 | V77: =IMARGUMENT(T77) -> 0.0012222208 | W77: =IMSUB(COMPLEX(1,0),IMDIV(COMPLEX(0,2*PI()*O77),COMPLEX(wz_rhp,0))) -> 1-0.000173148027335748i | X77: =IMABS(W77) -> 1 | Y77: =IMARGUMENT(W77) -> -0.00017314803 | Z77: =IF(Dc_Mode_Loop="CCM",IMSUM(COMPLEX(1,0),IMDIV(COMPLEX(0,2*PI()*O77),COMPLEX(Q*(wsl/2),0)),IMDIV(IMPOWER(COMPLEX(0,2*PI()*O77),2),IMPOWER(COMPLEX(wsl/2,0),2))),COMPLEX(1,0)) -> 0.999999989236898+0.000363733079542014i | AA77: =IMABS(Z77) -> 1.0000001 | AB77: =IMARGUMENT(Z77) -> 0.00036373307 | AC77: =(IMDIV(IMPRODUCT(P77,T77,W77),IMPRODUCT(Q77,Z77))) -> 19.9741405736385-36.5596075790562i | AD77: =20*LOG(IMABS(AC77)) -> 32.394424 | AE77: =(180/PI())*IMARGUMENT(AC77) -> -61.350256 | AF77: =COMPLEX(Adc_ea,0) -> -0.0000673063927557778 | AG77: =COMPLEX(0,2*PI()*O77*wp0_ea) -> 2.46106494948185E-06i | AH77: =IMABS(AG77) -> 2.4610649e-06 | AI77: =IMARGUMENT(AG77) -> 1.5707963 | AJ77: =IMSUM(COMPLEX(1,0),IMDIV(COMPLEX(0,2*PI()*O77),COMPLEX(wp1_ea,0))) -> 1+0.00247649145176278i | AK77: =IMABS(AJ77) -> 1.0000031 | AL77: =IMARGUMENT(AJ77) -> 0.0024764864 | AM77: =IMSUM(COMPLEX(1,0),IMDIV(COMPLEX(0,2*PI()*O77),COMPLEX(wz_ea,0))) -> 1+0.366666410828643i | AN77: =IMABS(AM77) -> 1.0651029 | AO77: =IMARGUMENT(AM77) -> 0.35144457 | AP77: =IMPRODUCT(AF77,IMDIV(AM77,IMPRODUCT(AG77,AJ77))) -> -9.95998070799368+27.3731487351538i | AQ77: =20*LOG(IMABS(AP77)) -> 29.28647 | AR77: =(180/PI())*IMARGUMENT(AP77) -> 109.9944 | AS77: =IMPRODUCT(AC77,AP77) -> 801.809521188168+910.888106958296i | AT77: =20*LOG(IMABS(AS77)) -> 61.680894 | AU77: =(180/PI())*IMARGUMENT(AS77) -> 48.644142 | AX77: =SUM((AT78<0)*(AT77>0))*O77 -> 0 | AY77: =IF(AX77>0,AU77,0) -> 0
N78: 60 | O78: =10^(1+(N78/100)) -> 39.810717 | P78: =COMPLEX(Adc,0) -> 87 | Q78: =IMSUM(COMPLEX(1,0),IMDIV(COMPLEX(0,2*PI()*O78),COMPLEX(wp_lf,0))) -> 1+1.87603584352843i | R78: =IMABS(Q78) -> 2.125914 | S78: =IMARGUMENT(Q78) -> 1.0810683 | T78: =IMSUM(COMPLEX(1,0),IMDIV(COMPLEX(0,2*PI()*O78),COMPLEX(wz_esr,0))) -> 1+0.00125069056235229i | U78: =IMABS(T78) -> 1.0000008 | V78: =IMARGUMENT(T78) -> 0.0012506899 | W78: =IMSUB(COMPLEX(1,0),IMDIV(COMPLEX(0,2*PI()*O78),COMPLEX(wz_rhp,0))) -> 1-0.000177181162999907i | X78: =IMABS(W78) -> 1 | Y78: =IMARGUMENT(W78) -> -0.00017718116 | Z78: =IF(Dc_Mode_Loop="CCM",IMSUM(COMPLEX(1,0),IMDIV(COMPLEX(0,2*PI()*O78),COMPLEX(Q*(wsl/2),0)),IMDIV(IMPOWER(COMPLEX(0,2*PI()*O78),2),IMPOWER(COMPLEX(wsl/2,0),2))),COMPLEX(1,0)) -> 0.999999988729648+0.00037220551135604i | AA78: =IMABS(Z78) -> 1.0000001 | AB78: =IMARGUMENT(Z78) -> 0.0003722055 | AC78: =(IMDIV(IMPRODUCT(P78,T78,W78),IMPRODUCT(Q78,Z78))) -> 19.275208366807-36.099968364659i | AD78: =20*LOG(IMABS(AC78)) -> 32.239477 | AE78: =(180/PI())*IMARGUMENT(AC78) -> -61.900469 | AF78: =COMPLEX(Adc_ea,0) -> -0.0000673063927557778 | AG78: =COMPLEX(0,2*PI()*O78*wp0_ea) -> 2.51839051635256E-06i | AH78: =IMABS(AG78) -> 2.5183905e-06 | AI78: =IMARGUMENT(AG78) -> 1.5707963 | AJ78: =IMSUM(COMPLEX(1,0),IMDIV(COMPLEX(0,2*PI()*O78),COMPLEX(wp1_ea,0))) -> 1+0.00253417634803204i | AK78: =IMABS(AJ78) -> 1.0000032 | AL78: =IMARGUMENT(AJ78) -> 0.0025341709 | AM78: =IMSUM(COMPLEX(1,0),IMDIV(COMPLEX(0,2*PI()*O78),COMPLEX(wz_ea,0))) -> 1+0.375207168705685i | AN78: =IMABS(AM78) -> 1.0680732 | AO78: =IMARGUMENT(AM78) -> 0.35895229 | AP78: =IMPRODUCT(AF78,IMDIV(AM78,IMPRODUCT(AG78,AJ78))) -> -9.9599778291808+26.751195794227i | AQ78: =20*LOG(IMABS(AP78)) -> 29.110657 | AR78: =(180/PI())*IMARGUMENT(AP78) -> 110.42125 | AS78: =IMPRODUCT(AC78,AP78) -> 773.736673902156+875.189757541108i | AT78: =20*LOG(IMABS(AS78)) -> 61.350135 | AU78: =(180/PI())*IMARGUMENT(AS78) -> 48.520785 | AX78: =SUM((AT79<0)*(AT78>0))*O78 -> 0 | AY78: =IF(AX78>0,AU78,0) -> 0
N79: 61 | O79: =10^(1+(N79/100)) -> 40.738028 | P79: =COMPLEX(Adc,0) -> 87 | Q79: =IMSUM(COMPLEX(1,0),IMDIV(COMPLEX(0,2*PI()*O79),COMPLEX(wp_lf,0))) -> 1+1.91973433195016i | R79: =IMABS(Q79) -> 2.1645738 | S79: =IMARGUMENT(Q79) -> 1.0905646 | T79: =IMSUM(COMPLEX(1,0),IMDIV(COMPLEX(0,2*PI()*O79),COMPLEX(wz_esr,0))) -> 1+0.00127982288796677i | U79: =IMABS(T79) -> 1.0000008 | V79: =IMARGUMENT(T79) -> 0.0012798222 | W79: =IMSUB(COMPLEX(1,0),IMDIV(COMPLEX(0,2*PI()*O79),COMPLEX(wz_rhp,0))) -> 1-0.000181308242461959i | X79: =IMABS(W79) -> 1 | Y79: =IMARGUMENT(W79) -> -0.00018130824 | Z79: =IF(Dc_Mode_Loop="CCM",IMSUM(COMPLEX(1,0),IMDIV(COMPLEX(0,2*PI()*O79),COMPLEX(Q*(wsl/2),0)),IMDIV(IMPOWER(COMPLEX(0,2*PI()*O79),2),IMPOWER(COMPLEX(wsl/2,0),2))),COMPLEX(1,0)) -> 0.999999988198493+0.000380875291458911i | AA79: =IMABS(Z79) -> 1.0000001 | AB79: =IMARGUMENT(Z79) -> 0.00038087528 | AC79: =(IMDIV(IMPRODUCT(P79,T79,W79),IMPRODUCT(Q79,Z79))) -> 18.5939890926664-35.6330846216968i | AD79: =20*LOG(IMABS(AC79)) -> 32.082944 | AE79: =(180/PI())*IMARGUMENT(AC79) -> -62.443631 | AF79: =COMPLEX(Adc_ea,0) -> -0.0000673063927557778 | AG79: =COMPLEX(0,2*PI()*O79*wp0_ea) -> 2.57705136720989E-06i | AH79: =IMABS(AG79) -> 2.5770514e-06 | AI79: =IMARGUMENT(AG79) -> 1.5707963 | AJ79: =IMSUM(COMPLEX(1,0),IMDIV(COMPLEX(0,2*PI()*O79),COMPLEX(wp1_ea,0))) -> 1+0.00259320489814483i | AK79: =IMABS(AJ79) -> 1.0000034 | AL79: =IMARGUMENT(AJ79) -> 0.0025931991 | AM79: =IMSUM(COMPLEX(1,0),IMDIV(COMPLEX(0,2*PI()*O79),COMPLEX(wz_ea,0))) -> 1+0.383946866390031i | AN79: =IMABS(AM79) -> 1.0711747 | AO79: =IMARGUMENT(AM79) -> 0.36659133 | AP79: =IMPRODUCT(AF79,IMDIV(AM79,IMPRODUCT(AG79,AJ79))) -> -9.95997481469547+26.1434266907163i | AQ79: =20*LOG(IMABS(AP79)) -> 28.935842 | AR79: =(180/PI())*IMARGUMENT(AP79) -> 110.85556 | AS79: =IMPRODUCT(AC79,AP79) -> 746.375272503741+841.015216134115i | AT79: =20*LOG(IMABS(AS79)) -> 61.018785 | AU79: =(180/PI())*IMARGUMENT(AS79) -> 48.411926 | AX79: =SUM((AT80<0)*(AT79>0))*O79 -> 0 | AY79: =IF(AX79>0,AU79,0) -> 0
N80: 62 | O80: =10^(1+(N80/100)) -> 41.686938 | P80: =COMPLEX(Adc,0) -> 87 | Q80: =IMSUM(COMPLEX(1,0),IMDIV(COMPLEX(0,2*PI()*O80),COMPLEX(wp_lf,0))) -> 1+1.96445068892538i | R80: =IMABS(Q80) -> 2.204329 | S80: =IMARGUMENT(Q80) -> 1.0999364 | T80: =IMSUM(COMPLEX(1,0),IMDIV(COMPLEX(0,2*PI()*O80),COMPLEX(wz_esr,0))) -> 1+0.00130963379261691i | U80: =IMABS(T80) -> 1.0000009 | V80: =IMARGUMENT(T80) -> 0.001309633 | W80: =IMSUB(COMPLEX(1,0),IMDIV(COMPLEX(0,2*PI()*O80),COMPLEX(wz_rhp,0))) -> 1-0.000185531453954063i | X80: =IMABS(W80) -> 1 | Y80: =IMARGUMENT(W80) -> -0.00018553145 | Z80: =IF(Dc_Mode_Loop="CCM",IMSUM(COMPLEX(1,0),IMDIV(COMPLEX(0,2*PI()*O80),COMPLEX(Q*(wsl/2),0)),IMDIV(IMPOWER(COMPLEX(0,2*PI()*O80),2),IMPOWER(COMPLEX(wsl/2,0),2))),COMPLEX(1,0)) -> 0.999999987642305+0.000389747016682794i | AA80: =IMABS(Z80) -> 1.0000001 | AB80: =IMARGUMENT(Z80) -> 0.000389747 | AC80: =(IMDIV(IMPRODUCT(P80,T80,W80),IMPRODUCT(Q80,Z80))) -> 17.9305126888233-35.1597191089053i | AD80: =20*LOG(IMABS(AC80)) -> 31.924864 | AE80: =(180/PI())*IMARGUMENT(AC80) -> -62.979639 | AF80: =COMPLEX(Adc_ea,0) -> -0.0000673063927557778 | AG80: =COMPLEX(0,2*PI()*O80*wp0_ea) -> 2.63707860481342E-06i | AH80: =IMABS(AG80) -> 2.6370786e-06 | AI80: =IMARGUMENT(AG80) -> 1.5707963 | AJ80: =IMSUM(COMPLEX(1,0),IMDIV(COMPLEX(0,2*PI()*O80),COMPLEX(wp1_ea,0))) -> 1+0.00265360839981973i | AK80: =IMABS(AJ80) -> 1.0000035 | AL80: =IMARGUMENT(AJ80) -> 0.0026536022 | AM80: =IMSUM(COMPLEX(1,0),IMDIV(COMPLEX(0,2*PI()*O80),COMPLEX(wz_ea,0))) -> 1+0.392890137785074i | AN80: =IMABS(AM80) -> 1.0744127 | AO80: =IMARGUMENT(AM80) -> 0.3743622 | AP80: =IMPRODUCT(AF80,IMDIV(AM80,IMPRODUCT(AG80,AJ80))) -> -9.95997165814377+25.5495191773492i | AQ80: =20*LOG(IMABS(AP80)) -> 28.762057 | AR80: =(180/PI())*IMARGUMENT(AP80) -> 111.29733 | AS80: =IMPRODUCT(AC80,AP80) -> 719.72651944652+808.305783635787i | AT80: =20*LOG(IMABS(AS80)) -> 60.686921 | AU80: =(180/PI())*IMARGUMENT(AS80) -> 48.317695 | AX80: =SUM((AT81<0)*(AT80>0))*O80 -> 0 | AY80: =IF(AX80>0,AU80,0) -> 0
N81: 63 | O81: =10^(1+(N81/100)) -> 42.657952 | P81: =COMPLEX(Adc,0) -> 87 | Q81: =IMSUM(COMPLEX(1,0),IMDIV(COMPLEX(0,2*PI()*O81),COMPLEX(wp_lf,0))) -> 1+2.01020862365844i | R81: =IMABS(Q81) -> 2.2452035 | S81: =IMARGUMENT(Q81) -> 1.1091821 | T81: =IMSUM(COMPLEX(1,0),IMDIV(COMPLEX(0,2*PI()*O81),COMPLEX(wz_esr,0))) -> 1+0.00134013908243895i | U81: =IMABS(T81) -> 1.0000009 | V81: =IMARGUMENT(T81) -> 0.0013401383 | W81: =IMSUB(COMPLEX(1,0),IMDIV(COMPLEX(0,2*PI()*O81),COMPLEX(wz_rhp,0))) -> 1-0.000189853036678852i | X81: =IMABS(W81) -> 1 | Y81: =IMARGUMENT(W81) -> -0.00018985303 | Z81: =IF(Dc_Mode_Loop="CCM",IMSUM(COMPLEX(1,0),IMDIV(COMPLEX(0,2*PI()*O81),COMPLEX(Q*(wsl/2),0)),IMDIV(IMPOWER(COMPLEX(0,2*PI()*O81),2),IMPOWER(COMPLEX(wsl/2,0),2))),COMPLEX(1,0)) -> 0.999999987059905+0.000398825390933833i | AA81: =IMABS(Z81) -> 1.0000001 | AB81: =IMARGUMENT(Z81) -> 0.00039882537 | AC81: =(IMDIV(IMPRODUCT(P81,T81,W81),IMPRODUCT(Q81,Z81))) -> 17.2847709252041-34.680618513666i | AD81: =20*LOG(IMABS(AC81)) -> 31.765278 | AE81: =(180/PI())*IMARGUMENT(AC81) -> -63.5084 | AF81: =COMPLEX(Adc_ea,0) -> -0.0000673063927557778 | AG81: =COMPLEX(0,2*PI()*O81*wp0_ea) -> 2.69850405639907E-06i | AH81: =IMABS(AG81) -> 2.6985041e-06 | AI81: =IMARGUMENT(AG81) -> 1.5707963 | AJ81: =IMSUM(COMPLEX(1,0),IMDIV(COMPLEX(0,2*PI()*O81),COMPLEX(wp1_ea,0))) -> 1+0.00271541887979288i | AK81: =IMABS(AJ81) -> 1.0000037 | AL81: =IMARGUMENT(AJ81) -> 0.0027154122 | AM81: =IMSUM(COMPLEX(1,0),IMDIV(COMPLEX(0,2*PI()*O81),COMPLEX(wz_ea,0))) -> 1+0.402041724731686i | AN81: =IMABS(AM81) -> 1.0777929 | AO81: =IMARGUMENT(AM81) -> 0.38226524 | AP81: =IMPRODUCT(AF81,IMDIV(AM81,IMPRODUCT(AG81,AJ81))) -> -9.95996835283054+24.9691583564481i | AQ81: =20*LOG(IMABS(AP81)) -> 28.589339 | AR81: =(180/PI())*IMARGUMENT(AP81) -> 111.7466 | AS81: =IMPRODUCT(AC81,AP81) -> 693.790084166334+777.004045239053i | AT81: =20*LOG(IMABS(AS81)) -> 60.354617 | AU81: =(180/PI())*IMARGUMENT(AS81) -> 48.238204 | AX81: =SUM((AT82<0)*(AT81>0))*O81 -> 0 | AY81: =IF(AX81>0,AU81,0) -> 0
... N118: 100 | O118: =10^(1+(N118/100)) -> 100 | P118: =COMPLEX(Adc,0) -> 87 | Q118: =IMSUM(COMPLEX(1,0),IMDIV(COMPLEX(0,2*PI()*O118),COMPLEX(wp_lf,0))) -> 1+4.7123889803847i | R118: =IMABS(Q118) -> 4.8173239 | S118: =IMARGUMENT(Q118) -> 1.3616917 | T118: =IMSUM(COMPLEX(1,0),IMDIV(COMPLEX(0,2*PI()*O118),COMPLEX(wz_esr,0))) -> 1+0.0031415926535898i | U118: =IMABS(T118) -> 1.0000049 | V118: =IMARGUMENT(T118) -> 0.0031415823 | W118: =IMSUB(COMPLEX(1,0),IMDIV(COMPLEX(0,2*PI()*O118),COMPLEX(wz_rhp,0))) -> 1-0.000445058959258555i | X118: =IMABS(W118) -> 1.0000001 | Y118: =IMARGUMENT(W118) -> -0.00044505893 | Z118: =IF(Dc_Mode_Loop="CCM",IMSUM(COMPLEX(1,0),IMDIV(COMPLEX(0,2*PI()*O118),COMPLEX(Q*(wsl/2),0)),IMDIV(IMPOWER(COMPLEX(0,2*PI()*O118),2),IMPOWER(COMPLEX(wsl/2,0),2))),COMPLEX(1,0)) -> 0.999999928888889+0.000934937973708323i | AA118: =IMABS(Z118) -> 1.0000004 | AB118: =IMARGUMENT(Z118) -> 0.00093493777 | AC118: =(IMDIV(IMPRODUCT(P118,T118,W118),IMPRODUCT(Q118,Z118))) -> 3.7800646261224-17.659876304166i | AD118: =20*LOG(IMABS(AC118)) -> 25.134309 | AE118: =(180/PI())*IMARGUMENT(AC118) -> -77.918255 | AF118: =COMPLEX(Adc_ea,0) -> -0.0000673063927557778 | AG118: =COMPLEX(0,2*PI()*O118*wp0_ea) -> 6.32591096726841E-06i | AH118: =IMABS(AG118) -> 6.325911e-06 | AI118: =IMARGUMENT(AG118) -> 1.5707963 | AJ118: =IMSUM(COMPLEX(1,0),IMDIV(COMPLEX(0,2*PI()*O118),COMPLEX(wp1_ea,0))) -> 1+0.0063655631836742i | AK118: =IMABS(AJ118) -> 1.0000203 | AL118: =IMARGUMENT(AJ118) -> 0.0063654772 | AM118: =IMSUM(COMPLEX(1,0),IMDIV(COMPLEX(0,2*PI()*O118),COMPLEX(wz_ea,0))) -> 1+0.942477796076938i | AN118: =IMABS(AM118) -> 1.3741413 | AO118: =IMARGUMENT(AM118) -> 0.75579402 | AP118: =IMPRODUCT(AF118,IMDIV(AM118,IMPRODUCT(AG118,AJ118))) -> -9.95963822418273+10.7031932125275i | AQ118: =20*LOG(IMABS(AP118)) -> 23.299117 | AR118: =(180/PI())*IMARGUMENT(AP118) -> 132.93909 | AS118: =IMPRODUCT(AC118,AP118) -> 151.368992052615+216.344741122539i | AT118: =20*LOG(IMABS(AS118)) -> 48.433425 | AU118: =(180/PI())*IMARGUMENT(AS118) -> 55.020837 | AX118: =SUM((AT119<0)*(AT118>0))*O118 -> 0 | AY118: =IF(AX118>0,AU118,0) -> 0
N119: 1 | O119: =10^(2+(N119/100)) -> 102.3293 | P119: =COMPLEX(Adc,0) -> 87 | Q119: =IMSUM(COMPLEX(1,0),IMDIV(COMPLEX(0,2*PI()*O119),COMPLEX(wp_lf,0))) -> 1+4.82215462052871i | R119: =IMABS(Q119) -> 4.9247513 | S119: =IMARGUMENT(Q119) -> 1.3663185 | T119: =IMSUM(COMPLEX(1,0),IMDIV(COMPLEX(0,2*PI()*O119),COMPLEX(wz_esr,0))) -> 1+0.00321476974701914i | U119: =IMABS(T119) -> 1.0000052 | V119: =IMARGUMENT(T119) -> 0.0032147587 | W119: =IMSUB(COMPLEX(1,0),IMDIV(COMPLEX(0,2*PI()*O119),COMPLEX(wz_rhp,0))) -> 1-0.000455425714161045i | X119: =IMABS(W119) -> 1.0000001 | Y119: =IMARGUMENT(W119) -> -0.00045542568 | Z119: =IF(Dc_Mode_Loop="CCM",IMSUM(COMPLEX(1,0),IMDIV(COMPLEX(0,2*PI()*O119),COMPLEX(Q*(wsl/2),0)),IMDIV(IMPOWER(COMPLEX(0,2*PI()*O119),2),IMPOWER(COMPLEX(wsl/2,0),2))),COMPLEX(1,0)) -> 0.999999925537525+0.000956715476712895i | AA119: =IMABS(Z119) -> 1.0000004 | AB119: =IMARGUMENT(Z119) -> 0.00095671526 | AC119: =(IMDIV(IMPRODUCT(P119,T119,W119),IMPRODUCT(Q119,Z119))) -> 3.61835240701368-17.2914263537256i | AD119: =20*LOG(IMABS(AC119)) -> 24.942741 | AE119: =(180/PI())*IMARGUMENT(AC119) -> -78.180998 | AF119: =COMPLEX(Adc_ea,0) -> -0.0000673063927557778 | AG119: =COMPLEX(0,2*PI()*O119*wp0_ea) -> 6.47326036259773E-06i | AH119: =IMABS(AG119) -> 6.4732604e-06 | AI119: =IMARGUMENT(AG119) -> 1.5707963 | AJ119: =IMSUM(COMPLEX(1,0),IMDIV(COMPLEX(0,2*PI()*O119),COMPLEX(wp1_ea,0))) -> 1+0.00651383619777417i | AK119: =IMABS(AJ119) -> 1.0000212 | AL119: =IMARGUMENT(AJ119) -> 0.0065137441 | AM119: =IMSUM(COMPLEX(1,0),IMDIV(COMPLEX(0,2*PI()*O119),COMPLEX(wz_ea,0))) -> 1+0.96443092410574i | AN119: =IMABS(AM119) -> 1.3892901 | AO119: =IMARGUMENT(AM119) -> 0.76729359 | AP119: =IMPRODUCT(AF119,IMDIV(AM119,IMPRODUCT(AG119,AJ119))) -> -9.95961920539359+10.4624785428026i | AQ119: =20*LOG(IMABS(AP119)) -> 23.194339 | AR119: =(180/PI())*IMARGUMENT(AP119) -> 133.58947 | AS119: =IMPRODUCT(AC119,AP119) -> 144.87376507553+210.072956419893i | AT119: =20*LOG(IMABS(AS119)) -> 48.137081 | AU119: =(180/PI())*IMARGUMENT(AS119) -> 55.408476 | AX119: =SUM((AT120<0)*(AT119>0))*O119 -> 0 | AY119: =IF(AX119>0,AU119,0) -> 0
